date,open,high,low,close,vol,amount
2016-01-04,7.354111842105264,7.457448308270678,6.71687030075188,6.71687030075188,184277.11,226332.526
2016-01-05,6.292042606516292,6.699647556390978,6.05092418546366,6.3666744987468675,258580.64,287002.882
2016-01-06,6.429824561403509,6.602052005012532,6.3035244360902265,6.515938283208021,180232.31,203023.827
2016-01-14,5.867214912280703,7.112993421052633,5.867214912280703,6.699647556390978,234929.44,256007.196
2016-01-15,6.487233709273184,6.602052005012532,6.02796052631579,6.02796052631579,241212.71,265106.588
2016-01-18,5.643319235588973,5.844251253132833,5.425164473684211,5.425164473684211,307186.67,299142.666
2016-01-19,5.425164473684211,5.947587719298246,5.195527882205515,5.821287593984963,263323.56,259660.331
2016-01-20,5.798323934837093,6.1427788220551385,5.396459899749375,5.827028508771931,297568.55,294969.841
2016-01-21,5.620355576441103,6.246115288220553,5.511278195488722,5.821287593984963,340974.8,355043.046
2016-01-22,5.907401315789474,6.085369674185464,5.6318374060150385,5.930364974937344,184499.16,189613.892
2016-01-25,5.964810463659149,6.010737781954888,5.80406484962406,5.901660401002506,173112.36,177165.369
2016-01-26,5.786842105263159,5.913142230576442,5.310346177944863,5.310346177944863,233596.43,226099.468
2016-01-27,5.275900689223058,5.379237155388472,4.78218201754386,4.799404761904762,341306.28,289029.207
2016-01-28,4.747736528822055,4.747736528822055,4.317167919799499,4.317167919799499,198582.62,155378.353
2016-01-29,4.328649749373434,4.701809210526316,4.208090538847118,4.569768170426066,208799.95,163529.252
2016-02-01,4.78218201754386,4.793663847117795,4.546804511278196,4.707550125313284,210526.39,171418.447
2016-02-02,4.650140977443609,4.879777568922306,4.621436403508773,4.78218201754386,190439.43,157828.346
2016-02-03,4.632918233082708,4.776441102756893,4.489395363408522,4.575509085213033,259920.95,208382.226
2016-02-04,4.454949874686717,4.736254699248121,4.391799812030076,4.60421365914787,249169.02,199728.474
2016-02-05,4.598472744360903,4.701809210526316,4.564027255639099,4.6099545739348375,134899.15,108740.676
2016-02-15,4.248276942355891,4.523840852130326,4.248276942355891,4.443468045112783,118683.59,91507.186
2016-02-16,4.489395363408522,4.6731046365914795,4.47217261904762,4.552545426065163,297741.73,236246.682
2016-02-17,4.552545426065163,4.586990914786968,4.4492089598997495,4.564027255639099,299618.31,235833.621
2016-02-18,4.6731046365914795,5.0233004385964914,4.535322681704262,4.919963972431079,563663.85,466016.408
2016-02-19,4.810886591478698,4.868295739348372,4.701809210526316,4.764959273182958,320399.89,266616.284
2016-02-22,4.833850250626567,4.879777568922306,4.747736528822055,4.816627506265665,253663.68,212449.391
2016-02-23,4.822368421052633,4.822368421052633,4.632918233082708,4.696068295739349,193832.62,159435.533
2016-02-24,4.75921835839599,4.908482142857144,4.707550125313284,4.816627506265665,254502.05,213503.375
2016-02-25,4.93718671679198,4.994595864661655,4.334390664160401,4.3860588972431085,325942.86,266137.579
2016-02-26,4.3860588972431085,4.506618107769424,4.190867794486216,4.3860588972431085,201499.84,153762.052
2016-02-29,4.380317982456141,4.4664317042606525,4.001417606516291,4.110494987468672,225596.34,163299.803
2016-03-01,4.139199561403509,4.242536027568923,4.0186403508771935,4.173645050125313,165226.94,118537.696
2016-03-02,4.150681390977445,4.368836152882206,4.150681390977445,4.334390664160401,210504.53,156309.257
2016-03-03,4.328649749373434,4.414763471177945,4.231054197994988,4.248276942355891,228719.59,172062.761
2016-03-04,4.208090538847118,4.27124060150376,3.9095629699248122,3.9669721177944868,278001.03,195604.349
2016-03-07,3.9612312030075194,4.110494987468672,3.7890037593984967,4.012899436090226,180269.1,126054.009
2016-03-08,3.9899357769423567,3.9899357769423567,3.7430764411027573,3.9210447994987474,206781.44,138741.421
2016-03-09,3.8234492481203013,4.0703085839599,3.7602991854636594,3.9497493734335842,198647.05,137254.155
2016-03-10,4.133458646616542,4.345872493734337,4.104754072681705,4.345872493734337,145527.45,109031.763
2016-03-11,4.535322681704262,4.78218201754386,4.42624530075188,4.60421365914787,635263.98,513464.557
2016-03-14,4.541063596491229,4.9773731203007525,4.420504385964913,4.799404761904762,659722.33,536357.324
2016-03-15,4.799404761904762,4.799404761904762,4.592731829573935,4.598472744360903,348440.59,283686.909
2016-03-16,4.506618107769424,4.78218201754386,4.420504385964913,4.6099545739348375,332356.77,266314.043
2016-03-17,4.586990914786968,4.736254699248121,4.5295817669172935,4.667363721804512,316231.13,255917.214
2016-03-18,4.644400062656642,4.874036654135339,4.6271773182957405,4.862554824561404,452722.8,374143.087
2016-03-21,4.868295739348372,4.96015037593985,4.724772869674187,4.8970003132832085,461049.0,389666.806
2016-03-22,4.822368421052633,4.868295739348372,4.741995614035088,4.770700187969926,280899.06,234988.418
2016-03-23,4.707550125313284,4.770700187969926,4.661622807017544,4.719031954887219,247993.13,203027.481
2016-03-24,4.661622807017544,4.696068295739349,4.535322681704262,4.541063596491229,237515.2,189761.886
2016-03-25,4.535322681704262,4.707550125313284,4.512359022556391,4.667363721804512,217132.17,174853.051
2016-03-28,4.678845551378447,4.787922932330828,4.6099545739348375,4.615695488721805,199147.72,163232.308
2016-03-29,4.6099545739348375,4.632918233082708,4.420504385964913,4.477913533834587,169410.13,132916.694
2016-03-30,4.518099937343359,4.644400062656642,4.495136278195489,4.615695488721805,152805.1,121554.702
2016-03-31,4.667363721804512,4.696068295739349,4.575509085213033,4.581250000000001,167651.77,134635.011
2016-04-01,4.592731829573935,4.621436403508773,4.454949874686717,4.5295817669172935,129031.52,101387.407
2016-04-05,4.552545426065163,4.638659147869675,4.489395363408522,4.6271773182957405,168136.34,134202.448
2016-04-06,4.638659147869675,4.787922932330828,4.598472744360903,4.719031954887219,280422.98,229782.592
2016-04-07,4.736254699248121,4.770700187969926,4.564027255639099,4.569768170426066,214511.05,172931.776
2016-04-08,4.535322681704262,4.535322681704262,4.391799812030076,4.454949874686717,166303.94,129198.818
2016-04-11,4.351613408521304,4.495136278195489,4.351613408521304,4.443468045112783,284160.48,219200.776
2016-04-12,4.437727130325816,4.437727130325816,4.242536027568923,4.299945175438597,243026.01,182914.188
2016-04-13,4.282722431077695,4.523840852130326,4.242536027568923,4.409022556390978,280841.96,216007.001
2016-04-14,4.4492089598997495,4.4492089598997495,4.351613408521304,4.420504385964913,172353.51,131800.944
2016-04-15,4.420504385964913,4.42624530075188,4.328649749373434,4.374577067669174,153760.66,117006.584
2016-04-18,4.311427005012532,4.345872493734337,4.242536027568923,4.27124060150376,127765.15,95110.498
2016-04-19,4.4492089598997495,4.575509085213033,4.420504385964913,4.460690789473684,294735.34,229631.981
2016-04-20,4.420504385964913,4.454949874686717,4.064567669172933,4.1449404761904765,273727.42,202875.169
2016-04-21,4.076049498746867,4.121976817042607,3.9497493734335842,4.0186403508771935,192850.65,136314.488
2016-04-22,3.9956766917293236,4.162163220551379,3.932526629072682,4.150681390977445,148346.05,103807.378
2016-04-25,4.0990131578947375,4.139199561403509,3.9497493734335842,4.053085839598998,128772.39,90578.032
2016-04-26,4.064567669172933,4.09327224310777,4.0186403508771935,4.076049498746867,80004.13,56575.439
2016-04-27,4.076049498746867,4.345872493734337,4.04734492481203,4.231054197994988,247276.31,181043.068
2016-04-29,4.0186403508771935,4.0186403508771935,4.0186403508771935,4.0186403508771935,21892.0,15324.4
2016-05-03,3.817708333333334,4.007158521303259,3.817708333333334,3.8865993107769428,302352.96,203111.924
2016-05-04,3.8578947368421055,3.9669721177944868,3.8578947368421055,3.8865993107769428,134632.56,91581.687
2016-05-05,3.8808583959899754,3.903822055137845,3.7430764411027573,3.8234492481203013,141433.62,94087.295
2016-05-06,3.846412907268171,3.898081140350878,3.7660401002506267,3.7717810150375946,139251.36,93066.161
2016-05-09,3.7602991854636594,3.7602991854636594,3.5823308270676697,3.5823308270676697,118331.87,74257.785
2016-05-10,3.4847352756892236,3.5823308270676697,3.4043624686716796,3.4043624686716796,136898.47,81976.672
2016-05-11,3.427326127819549,3.4732534461152884,3.3469533208020055,3.4043624686716796,90758.04,53693.51
2016-05-12,3.3469533208020055,3.490476190476191,3.301026002506266,3.4675125313283215,102666.84,60879.992
2016-05-13,3.4675125313283215,3.524921679197995,3.4101033834586474,3.433067042606517,69542.25,42070.49
2016-05-16,3.4962171052631583,3.513439849624061,3.450289786967419,3.5076989348370935,59238.77,35980.484
2016-05-17,3.490476190476191,3.6741854636591484,3.478994360902256,3.6225172305764413,82658.7,51370.884
2016-05-18,3.588071741854637,3.616776315789474,3.478994360902256,3.4962171052631583,75483.83,46707.897
2016-05-19,3.478994360902256,3.553626253132833,3.478994360902256,3.4962171052631583,48072.47,29450.013
2016-05-20,3.5019580200501257,3.530662593984963,3.450289786967419,3.5076989348370935,40427.82,24613.452
2016-05-23,3.513439849624061,3.5593671679198002,3.5076989348370935,3.547885338345865,55877.85,34361.152
2016-05-24,3.5364035087719303,3.588071741854637,3.530662593984963,3.547885338345865,41562.48,25728.501
2016-05-25,3.5823308270676697,3.588071741854637,3.519180764411028,3.524921679197995,35564.0,21974.144
2016-05-26,3.524921679197995,3.547885338345865,3.461771616541354,3.513439849624061,44296.88,27007.185
2016-05-27,3.5019580200501257,3.5593671679198002,3.4962171052631583,3.524921679197995,34132.03,20989.368
2016-05-30,3.530662593984963,3.530662593984963,3.4847352756892236,3.4962171052631583,35809.4,21849.388
2016-05-31,3.4962171052631583,3.6052944862155396,3.490476190476191,3.588071741854637,83822.47,51995.684
2016-06-01,3.588071741854637,3.611035401002507,3.547885338345865,3.553626253132833,61558.73,38298.57
2016-06-02,3.5421444235588977,3.565108082706767,3.530662593984963,3.547885338345865,54572.94,33673.055
2016-06-03,3.547885338345865,3.5708489974937345,3.5364035087719303,3.565108082706767,58597.97,36283.357
2016-06-06,3.565108082706767,3.651221804511279,3.565108082706767,3.6225172305764413,73185.93,46177.299
2016-06-07,3.651221804511279,3.651221804511279,3.588071741854637,3.599553571428572,40594.87,25501.699
2016-06-08,3.5938126566416044,3.628258145363409,3.553626253132833,3.5765899122807023,41861.12,26095.875
2016-06-13,3.5593671679198002,3.5823308270676697,3.438807957393484,3.4445488721804516,66759.19,40979.408
2016-06-14,3.427326127819549,3.438807957393484,3.2723214285714293,3.3067669172932335,103871.03,60632.241
2016-06-15,3.3067669172932335,3.4158442982456148,3.2723214285714293,3.392880639097745,68090.36,40066.278
2016-06-16,3.4101033834586474,3.4101033834586474,3.3182487468671686,3.3182487468671686,55797.96,32556.642
2016-06-17,3.323989661654136,3.3756578947368423,3.323989661654136,3.352694235588973,42345.15,24736.507
2016-06-20,3.352694235588973,3.352694235588973,3.2895441729323314,3.301026002506266,38162.1,21986.699
2016-06-21,3.329730576441103,3.3354714912280703,3.243616854636592,3.2550986842105267,43075.65,24659.514
2016-06-22,3.237875939849624,3.312507832080201,3.237875939849624,3.2952850877192987,35888.5,20537.873
2016-06-23,3.3067669172932335,3.312507832080201,3.260839598997494,3.3067669172932335,41202.9,23593.088
2016-06-24,3.3067669172932335,3.3182487468671686,3.1976895363408526,3.266580513784462,63607.6,36235.936
2016-06-27,3.2550986842105267,3.329730576441103,3.2493577694235594,3.329730576441103,47925.32,27561.259
2016-06-28,3.312507832080201,3.3469533208020055,3.2952850877192987,3.341212406015038,48259.75,27965.558
2016-06-29,3.341212406015038,3.3813988095238097,3.323989661654136,3.352694235588973,43963.34,25669.404
2016-06-30,3.3699169799498754,3.3699169799498754,3.323989661654136,3.3354714912280703,36613.48,21307.826
2016-07-01,3.3469533208020055,3.352694235588973,3.323989661654136,3.3354714912280703,33340.59,19374.993
2016-07-04,3.301026002506266,3.3871397243107775,3.301026002506266,3.3813988095238097,59586.32,34883.296
2016-07-05,3.3871397243107775,3.547885338345865,3.364176065162908,3.547885338345865,111366.64,68166.78
2016-07-06,3.547885338345865,3.611035401002507,3.513439849624061,3.5593671679198002,74523.23,46302.374
2016-07-07,3.565108082706767,3.5765899122807023,3.4847352756892236,3.524921679197995,55128.6,33810.12
2016-07-08,3.5421444235588977,3.565108082706767,3.5019580200501257,3.513439849624061,38333.8,23495.783
2016-07-11,3.530662593984963,3.530662593984963,3.4847352756892236,3.5019580200501257,49484.9,30203.423
2016-07-12,3.5019580200501257,3.6052944862155396,3.4560307017543863,3.5823308270676697,76650.05,46912.155
2016-07-13,3.5765899122807023,3.6052944862155396,3.565108082706767,3.599553571428572,65715.1,41001.998
2016-07-14,3.5938126566416044,3.6339990601503764,3.5765899122807023,3.611035401002507,34860.2,21905.356
2016-07-15,3.588071741854637,3.599553571428572,3.5421444235588977,3.5593671679198002,39731.4,24662.51
2016-07-18,3.5708489974937345,3.5708489974937345,3.513439849624061,3.524921679197995,36324.22,22334.621
2016-07-19,3.639739974937344,3.639739974937344,3.565108082706767,3.5823308270676697,76943.19,48203.181
2016-07-20,3.5938126566416044,3.599553571428572,3.5421444235588977,3.553626253132833,41387.6,25694.548
2016-07-21,3.553626253132833,3.5823308270676697,3.524921679197995,3.5421444235588977,45672.44,28248.209
2016-07-22,3.5421444235588977,3.6052944862155396,3.530662593984963,3.547885338345865,49211.92,30487.458
2016-07-25,3.5364035087719303,3.588071741854637,3.5364035087719303,3.5765899122807023,40808.5,25391.408
2016-07-26,3.5708489974937345,3.7545582706766925,3.5708489974937345,3.7545582706766925,120488.02,77512.584
2016-07-27,3.7602991854636594,3.7717810150375946,3.565108082706767,3.565108082706767,149588.09,94526.119
2016-07-28,3.588071741854637,3.71437186716792,3.5593671679198002,3.611035401002507,100295.22,63254.43
2016-07-29,3.5938126566416044,3.6914082080200505,3.5938126566416044,3.6741854636591484,62815.33,40104.342
2016-08-01,3.679926378446116,3.6914082080200505,3.588071741854637,3.6225172305764413,44522.88,28059.429
2016-08-02,3.616776315789474,3.651221804511279,3.588071741854637,3.628258145363409,35864.08,22562.14
2016-08-03,3.6052944862155396,3.7660401002506267,3.6052944862155396,3.7028900375939857,69181.71,44728.969
2016-08-04,3.720112781954888,3.725853696741855,3.6627036340852133,3.6914082080200505,43628.94,27990.133
2016-08-05,3.7028900375939857,3.7028900375939857,3.6684445488721806,3.679926378446116,38246.39,24537.71
2016-08-08,3.685667293233083,3.7660401002506267,3.6684445488721806,3.7315946115288225,49733.36,32271.587
2016-08-09,3.7545582706766925,3.8234492481203013,3.7315946115288225,3.7890037593984967,52564.55,34664.112
2016-08-10,3.8062265037593987,3.8062265037593987,3.7315946115288225,3.73733552631579,58749.59,38452.028
2016-08-11,3.7545582706766925,3.7545582706766925,3.685667293233083,3.720112781954888,40165.02,26004.695
2016-08-12,3.7086309523809526,3.748817355889725,3.6914082080200505,3.7430764411027573,36564.03,23670.965
2016-08-15,3.7660401002506267,3.7717810150375946,3.685667293233083,3.7660401002506267,72811.87,47478.692
2016-08-16,3.7660401002506267,3.7832628446115293,3.7430764411027573,3.7602991854636594,51865.16,34048.059
2016-08-17,3.7660401002506267,3.8693765664160407,3.7430764411027573,3.840671992481204,74476.38,49507.102
2016-08-18,3.840671992481204,3.8693765664160407,3.8234492481203013,3.840671992481204,46295.79,30978.217
2016-08-19,3.875117481203008,3.8865993107769428,3.840671992481204,3.8808583959899754,51799.43,34820.475
2016-08-22,3.8923402255639106,4.001417606516291,3.8808583959899754,3.9210447994987474,97705.14,66920.231
2016-08-23,3.932526629072682,3.932526629072682,3.8693765664160407,3.91530388471178,62228.83,42293.926
2016-08-24,3.932526629072682,3.93826754385965,3.8865993107769428,3.903822055137845,29227.73,19867.467
2016-08-25,3.8923402255639106,3.8923402255639106,3.7717810150375946,3.817708333333334,72424.21,48207.339
2016-08-26,3.846412907268171,4.007158521303259,3.817708333333334,4.001417606516291,167878.65,115430.541
2016-08-29,4.04734492481203,4.202349624060151,4.04734492481203,4.202349624060151,180169.12,130789.22
2016-08-30,4.2253132832080205,4.276981516290728,4.162163220551379,4.173645050125313,136215.37,99984.109
2016-08-31,4.162163220551379,4.357354323308271,4.162163220551379,4.322908834586467,105903.69,78553.456
2016-09-01,4.317167919799499,4.541063596491229,4.299945175438597,4.512359022556391,184172.09,143873.479
2016-09-02,4.523840852130326,4.564027255639099,4.4664317042606525,4.506618107769424,122622.68,96448.713
2016-09-05,4.575509085213033,4.575509085213033,4.380317982456141,4.397540726817043,120596.45,93649.664
2016-09-06,4.403281641604011,4.500877192982457,4.397540726817043,4.443468045112783,87182.18,67400.123
2016-09-07,4.443468045112783,4.4664317042606525,4.391799812030076,4.431986215538847,52895.66,40759.867
2016-09-08,4.443468045112783,4.47217261904762,4.397540726817043,4.454949874686717,55423.88,42721.726
2016-09-09,4.454949874686717,4.454949874686717,4.391799812030076,4.431986215538847,35651.8,27478.398
2016-09-12,4.374577067669174,4.374577067669174,4.2253132832080205,4.248276942355891,109355.13,82051.645
2016-09-13,4.282722431077695,4.317167919799499,4.2253132832080205,4.282722431077695,42811.55,31809.899
2016-09-14,4.254017857142858,4.380317982456141,4.2253132832080205,4.380317982456141,57734.13,43594.531
2016-09-19,4.380317982456141,4.420504385964913,4.328649749373434,4.363095238095238,53313.94,40642.202
2016-09-20,4.357354323308271,4.403281641604011,4.334390664160401,4.351613408521304,28975.13,21970.905
2016-09-21,4.363095238095238,4.391799812030076,4.334390664160401,4.374577067669174,40144.03,30535.798
2016-09-22,4.380317982456141,4.409022556390978,4.328649749373434,4.334390664160401,51376.6,39087.956
2016-09-23,4.328649749373434,4.363095238095238,4.317167919799499,4.322908834586467,34301.65,25910.255
2016-09-26,4.345872493734337,4.345872493734337,4.104754072681705,4.104754072681705,132386.95,96227.953
2016-09-27,4.104754072681705,4.127717731829574,3.9669721177944868,4.09327224310777,77391.43,54623.148
2016-09-28,4.087531328320803,4.133458646616542,4.053085839598998,4.133458646616542,30652.8,21969.559
2016-09-29,4.127717731829574,4.213831453634086,4.127717731829574,4.162163220551379,40220.45,29295.106
2016-09-30,4.162163220551379,4.248276942355891,4.139199561403509,4.242536027568923,40644.07,29869.86
2016-10-10,4.242536027568923,4.299945175438597,4.219572368421053,4.248276942355891,39715.8,29447.511
2016-10-11,4.27124060150376,4.27124060150376,4.2253132832080205,4.236795112781955,30332.4,22405.761
2016-10-12,4.236795112781955,4.27124060150376,4.231054197994988,4.242536027568923,30584.04,22600.176
2016-10-13,4.248276942355891,4.265499686716792,4.139199561403509,4.162163220551379,60665.6,44296.843
2016-10-14,4.231054197994988,4.231054197994988,4.162163220551379,4.196608709273184,31808.75,23224.143
2016-10-17,4.196608709273184,4.219572368421053,4.133458646616542,4.150681390977445,29816.22,21703.318
2016-10-18,4.150681390977445,4.1793859649122815,4.121976817042607,4.167904135338346,30826.71,22306.535
2016-10-19,4.1793859649122815,4.213831453634086,4.139199561403509,4.156422305764412,37347.92,27149.571
2016-10-20,4.150681390977445,4.167904135338346,4.09327224310777,4.121976817042607,50484.25,36286.102
2016-10-21,4.121976817042607,4.162163220551379,4.0990131578947375,4.133458646616542,40719.64,29254.79
2016-10-24,4.133458646616542,4.219572368421053,3.9841948621553893,4.173645050125313,48000.85,34779.273
2016-10-25,4.173645050125313,4.242536027568923,4.167904135338346,4.2253132832080205,44507.55,32605.377
2016-10-26,4.2253132832080205,4.437727130325816,4.2253132832080205,4.357354323308271,118718.62,89770.353
2016-10-27,4.368836152882206,4.495136278195489,4.368836152882206,4.47217261904762,110606.29,85827.385
2016-10-28,4.592731829573935,4.696068295739349,4.409022556390978,4.431986215538847,162664.8,128921.946
2016-10-31,4.454949874686717,4.564027255639099,4.414763471177945,4.558286340852131,120886.94,94928.597
2016-11-01,4.575509085213033,4.78218201754386,4.546804511278196,4.78218201754386,155933.79,127378.995
2017-03-14,5.258677944862156,5.258677944862156,5.258677944862156,5.258677944862156,19893.1,18222.08
2017-03-15,5.672023809523811,5.786842105263159,5.505537280701755,5.786842105263159,289463.74,285351.218
2017-03-16,6.0164786967418555,6.309265350877194,5.786842105263159,5.890178571428572,833225.66,869261.637
2017-03-17,5.792583020050126,5.8499921679198,5.482573621553886,5.528500939849625,581711.53,570086.911
2017-03-20,5.499796365914788,5.499796365914788,5.224232456140351,5.287382518796994,403354.71,371981.044
2017-03-21,5.287382518796994,5.356273496240602,5.2012687969924825,5.298864348370929,254000.36,233697.295
2017-03-22,5.241455200501254,5.275900689223058,5.086450501253133,5.097932330827069,249070.41,223944.505
2017-03-23,5.109414160401004,5.195527882205515,4.885518483709274,4.994595864661655,290770.46,254053.777
2017-03-24,5.034782268170426,5.086450501253133,4.919963972431079,5.0405231829573935,208954.85,183016.659
2017-03-27,4.965891290726818,5.046264097744361,4.908482142857144,4.931445802005013,179298.16,154789.55
2017-03-28,4.908482142857144,5.166823308270677,4.891259398496241,5.069227756892231,259451.81,228803.172
2017-03-29,5.0233004385964914,5.069227756892231,4.919963972431079,4.9773731203007525,135198.0,117575.01
2017-03-30,4.925704887218046,4.942927631578947,4.753477443609023,4.753477443609023,172188.83,144800.479
2017-03-31,4.753477443609023,4.845332080200501,4.741995614035088,4.816627506265665,101293.7,84693.317
2017-04-05,4.822368421052633,5.0233004385964914,4.764959273182958,4.93718671679198,168012.6,143854.125
2017-04-06,4.954409461152883,5.13811873433584,4.9142230576441115,5.120895989974938,195197.87,172083.665
2017-04-07,5.115155075187971,5.229973370927318,5.080709586466166,5.097932330827069,208604.06,187687.381
2017-04-10,5.069227756892231,5.172564223057645,4.994595864661655,5.0405231829573935,110535.1,97987.42
2017-04-11,5.052005012531329,5.0577459273182965,4.879777568922306,5.00607769423559,132296.71,114015.19
2017-04-12,4.954409461152883,5.0233004385964914,4.919963972431079,4.994595864661655,72787.81,62954.9
2017-04-13,5.00607769423559,5.0405231829573935,4.925704887218046,4.931445802005013,66060.31,57206.287
2017-04-14,4.891259398496241,4.954409461152883,4.78218201754386,4.799404761904762,85024.76,71713.172
2017-04-17,4.810886591478698,4.96015037593985,4.810886591478698,4.879777568922306,60026.78,51040.878
2017-04-18,4.919963972431079,4.919963972431079,4.701809210526316,4.713291040100252,71590.78,59689.172
2017-04-19,4.684586466165414,4.730513784461154,4.546804511278196,4.592731829573935,81975.71,65771.049
2017-04-20,4.60421365914787,4.678845551378447,4.443468045112783,4.575509085213033,105208.81,83413.231
2017-04-21,4.581250000000001,4.638659147869675,4.483654448621555,4.506618107769424,49933.71,39592.949
2017-04-24,4.535322681704262,4.564027255639099,4.420504385964913,4.483654448621555,63091.72,49256.073
2017-04-25,4.483654448621555,4.558286340852131,4.4492089598997495,4.483654448621555,39366.4,30810.789
2017-04-26,4.512359022556391,4.512359022556391,4.4492089598997495,4.4664317042606525,34302.37,26715.769
2017-04-27,4.460690789473684,4.460690789473684,4.219572368421053,4.368836152882206,89551.57,67410.205
2017-04-28,4.363095238095238,4.363095238095238,4.265499686716792,4.328649749373434,50258.6,37826.787
2017-05-02,4.311427005012532,4.431986215538847,4.311427005012532,4.42624530075188,61689.88,47271.748
2017-05-03,4.4492089598997495,4.575509085213033,4.3860588972431085,4.535322681704262,84093.57,65977.943
2017-05-04,4.5295817669172935,4.5295817669172935,4.443468045112783,4.483654448621555,66950.32,52305.668
2017-05-05,4.472490253411307,4.507614522417155,4.150517787524367,4.261744639376219,97337.28,72239.691
2017-05-08,4.173933966861599,4.261744639376219,4.0978313840155955,4.103685428849903,55723.81,39712.18
2017-05-09,4.127101608187135,4.173933966861599,4.056853070175439,4.0978313840155955,47499.18,33284.686
2017-05-10,4.103685428849903,4.109539473684211,3.8519615009746597,3.9397721734892794,73410.02,50269.089
2017-05-11,3.9397721734892794,4.050999025341131,3.8870857699805073,3.9983126218323592,58675.73,39884.775
2017-05-12,4.004166666666667,4.197350146198831,4.004166666666667,4.050999025341131,54379.39,38031.017
2017-05-15,4.080269249512671,4.109539473684211,3.980750487329435,4.033436890838207,48182.4,33332.855
2017-05-16,4.033436890838207,4.11539351851852,4.0217288011695915,4.109539473684211,49777.58,34561.26
2017-05-17,4.109539473684211,4.261744639376219,4.0978313840155955,4.203204191033139,75012.31,53849.667
2017-05-18,4.191496101364523,4.250036549707603,4.162225877192983,4.197350146198831,37631.16,27079.811
2017-05-19,4.197350146198831,4.244182504873295,4.144663742690059,4.156371832358675,31179.69,22276.649
2017-05-22,4.150517787524367,4.197350146198831,4.127101608187135,4.150517787524367,37155.46,26438.305
2017-05-23,4.156371832358675,4.162225877192983,3.9397721734892794,3.9514802631578956,78340.24,53677.013
2017-05-24,3.9222100389863557,4.0275828460039,3.8519615009746597,4.0217288011695915,59844.96,40132.46
2017-05-25,4.010020711500975,4.068561159844055,3.9456262183235875,4.050999025341131,49188.46,33717.056
2017-05-26,4.0217288011695915,4.0919773391812875,4.0217288011695915,4.050999025341131,32608.23,22572.248
2017-05-31,4.0919773391812875,4.454928118908383,4.0919773391812875,4.454928118908383,147480.02,108185.496
2017-06-01,4.548592836257311,4.6832358674463945,4.37297149122807,4.431511939571151,261172.34,203365.714
2017-06-02,4.51932261208577,4.566154970760235,4.291014863547759,4.425657894736843,144435.35,108288.186
2017-06-05,4.390533625730995,4.466636208576999,4.308576998050683,4.431511939571151,98873.95,74353.551
2017-06-06,4.390533625730995,4.390533625730995,4.244182504873295,4.326139132553607,87699.0,64770.304
2017-06-07,4.331993177387915,4.507614522417155,4.331993177387915,4.478344298245615,146331.83,111154.031
2017-06-08,4.443220029239766,4.472490253411307,4.402241715399611,4.413949805068227,60314.12,45586.493
2017-06-09,4.413949805068227,4.560300925925927,4.367117446393763,4.495906432748539,88200.04,67370.035
2017-06-12,4.490052387914231,4.507614522417155,4.3144310428849915,4.320285087719299,67385.04,50570.295
2017-06-13,4.308576998050683,4.449074074074074,4.302722953216374,4.390533625730995,63588.5,47704.699
2017-06-14,4.361263401559455,4.4607821637426905,4.355409356725147,4.454928118908383,59685.88,44989.708
2017-06-15,4.443220029239766,4.490052387914231,4.437365984405459,4.4607821637426905,48087.67,36630.572
2017-06-16,4.583717105263159,4.847149122807018,4.542738791423003,4.577863060428851,154127.02,123010.755
2017-06-19,4.612987329434699,4.7593384502923985,4.583717105263159,4.589571150097466,117855.32,93318.815
2017-06-20,4.595425194931774,4.66567373294347,4.513468567251462,4.589571150097466,87112.44,67877.612
2017-06-21,4.589571150097466,4.735922270955166,4.548592836257311,4.659819688109162,96320.18,76422.167
2017-06-22,4.636403508771931,4.700798001949318,4.51932261208577,4.525176656920079,77259.3,61021.882
2017-06-23,4.51932261208577,4.636403508771931,4.501760477582847,4.612987329434699,65374.03,50941.677
2017-06-26,4.618841374269007,4.6773818226120865,4.548592836257311,4.66567373294347,67520.96,53436.79
2017-06-27,4.66567373294347,4.712506091617935,4.624695419103315,4.6832358674463945,74346.69,59403.631
2017-06-28,4.6832358674463945,4.794462719298246,4.642257553606238,4.765192495126707,126385.06,102084.053
2017-06-29,4.765192495126707,4.835441033138403,4.718360136452243,4.741776315789474,111942.17,91344.126
2017-06-30,4.694943957115011,4.8295869883040945,4.694943957115011,4.800316764132554,68186.17,55697.556
2017-07-03,4.800316764132554,4.98764619883041,4.800316764132554,4.964230019493178,132701.36,111840.367
2017-07-04,4.970084064327486,5.011062378167642,4.923251705653023,4.970084064327486,70641.95,59762.89
2017-07-05,4.981792153996102,5.356451023391814,4.952521929824563,5.128143274853802,196877.03,172932.172
2017-07-14,4.6773818226120865,5.145705409356726,4.6773818226120865,4.911543615984407,210993.62,178020.077
2017-07-17,4.9759381091617945,5.034478557504874,4.566154970760235,4.700798001949318,117437.98,96132.542
2017-07-18,4.78275462962963,4.78275462962963,4.618841374269007,4.765192495126707,75177.78,60444.116
2017-07-19,4.712506091617935,4.946667884990254,4.712506091617935,4.893981481481482,96688.4,80029.09
2017-07-20,4.888127436647174,5.005208333333335,4.864711257309943,4.893981481481482,91857.83,77568.31
2017-07-21,4.89983552631579,5.327180799220273,4.89983552631579,5.081310916179338,190087.39,166589.3
2017-07-24,5.087164961013646,5.25107821637427,5.034478557504874,5.13399731968811,152334.0,134179.3
2017-07-25,5.157413499025342,5.1983918128654985,5.069602826510722,5.10472709551657,80381.9,70240.431
2017-07-26,5.081310916179338,5.16326754385965,4.89983552631579,5.01691642300195,120960.53,103409.826
2017-07-27,4.98764619883041,5.110581140350878,4.952521929824563,5.069602826510722,65143.67,56096.422
2017-07-28,5.0461866471734895,5.315472709551658,5.0403326023391815,5.30961866471735,170447.78,152027.631
2017-07-31,5.4208455165692015,5.584758771929825,5.344742933723198,5.549634502923978,229861.35,214896.152
2017-08-01,5.555488547758285,5.608174951267057,5.379867202729045,5.5671966374269015,234841.42,220575.263
2017-08-02,5.537926413255362,5.60232090643275,5.444261695906434,5.479385964912281,143536.62,135140.613
2017-08-03,5.450115740740742,6.023812134502925,5.409137426900585,5.889169103313842,396276.06,390363.627
2017-08-04,5.883315058479534,6.053082358674465,5.807212475633529,5.883315058479534,251501.51,255282.613
2017-08-07,5.889169103313842,5.988687865497077,5.725255847953217,5.900877192982457,148347.21,148484.519
2017-08-08,5.912585282651073,6.263827972709552,5.900877192982457,6.058936403508772,252899.64,262358.605
2017-08-09,6.029666179337234,6.123330896686161,5.91843932748538,5.994541910331385,123622.67,126606.002
2017-08-10,5.965271686159845,5.965271686159845,5.736963937621834,5.748672027290449,184573.35,183817.852
2017-08-11,5.707693713450293,5.736963937621834,5.385721247563353,5.438407651072125,271824.45,256119.153
2017-08-14,5.473531920077973,5.672569444444445,5.45596978557505,5.555488547758285,99588.94,94463.152
2017-08-15,5.619883040935673,5.7779422514619885,5.491094054580898,5.66086135477583,142829.81,137445.069
2017-08-16,5.6432992202729055,5.754526072124757,5.549634502923978,5.614028996101365,73893.32,71061.464
2017-08-17,5.614028996101365,5.725255847953217,5.614028996101365,5.672569444444445,80165.42,77495.393
2017-08-18,5.666715399610137,5.912585282651073,5.584758771929825,5.830628654970762,121783.8,120194.768
2017-08-21,5.824774610136453,5.988687865497077,5.801358430799222,5.883315058479534,118438.54,120023.453
2017-08-22,5.906731237816765,5.9242933723196884,5.813066520467837,5.906731237816765,74136.4,74373.544
2017-08-23,5.900877192982457,6.129184941520469,5.900877192982457,6.035520224171541,143974.94,148837.518
2017-08-24,6.041374269005849,6.082352582846005,5.912585282651073,5.91843932748538,84991.8,86890.177
2017-08-25,5.9360014619883055,6.000395955165693,5.836482699805069,5.9242933723196884,91672.09,92656.423
2017-08-28,5.9242933723196884,6.0062500000000005,5.824774610136453,5.877461013645225,141649.55,142355.513
2017-08-29,5.895023148148149,5.906731237816765,5.795504385964914,5.865752923976609,76330.25,76143.3
2017-08-30,5.854044834307993,6.053082358674465,5.813066520467837,6.017958089668617,107977.75,110041.102
2017-08-31,6.082352582846005,6.193579434697857,5.9418555068226135,5.959417641325537,127328.3,131315.172
2017-09-01,5.9418555068226135,6.076498538011697,5.865752923976609,6.035520224171541,103623.11,106114.447
2017-09-04,6.117476851851852,6.170163255360625,5.976979775828462,6.1526011208577005,109167.34,112883.89
2017-09-05,6.123330896686161,6.222849658869397,6.058936403508772,6.076498538011697,93906.67,98459.984
2017-09-06,6.094060672514621,6.094060672514621,5.982833820662769,5.988687865497077,71509.8,73686.902
2017-09-07,5.959417641325537,6.029666179337234,5.865752923976609,5.889169103313842,103663.4,104681.577
2017-09-18,5.297910575048734,5.537926413255362,5.297910575048734,5.297910575048734,572642.38,520842.368
2017-09-19,5.2686403508771935,5.321326754385966,5.157413499025342,5.180829678362573,191855.19,171178.001
2017-09-20,5.233516081871346,5.36815911306043,5.1983918128654985,5.3505969785575065,154116.03,139847.652
2017-09-21,5.356451023391814,5.385721247563353,5.262786306042886,5.292056530214425,71101.16,64408.291
2017-09-22,5.321326754385966,5.321326754385966,5.274494395711502,5.292056530214425,53501.05,48395.796
2017-09-25,5.321326754385966,5.321326754385966,5.186683723196881,5.22180799220273,50662.3,45242.217
2017-09-26,5.239370126705653,5.25107821637427,5.0578947368421066,5.063748781676415,99933.0,87598.67
2017-09-27,5.139851364522418,5.210099902534114,5.0461866471734895,5.16326754385965,63192.09,55354.717
2017-09-28,5.157413499025342,5.5613425925925934,5.157413499025342,5.42669956140351,169864.25,156432.66
2017-09-29,5.385721247563353,5.479385964912281,5.385721247563353,5.438407651072125,56808.64,52781.274
2017-10-09,5.502802144249514,5.5613425925925934,5.42669956140351,5.491094054580898,73250.24,69006.258
2017-10-10,5.508656189083822,5.549634502923978,5.379867202729045,5.409137426900585,73526.94,68180.291
2017-10-11,5.4149914717348935,5.461823830409358,5.3388888888888895,5.42669956140351,41843.74,38560.52
2017-10-12,5.391575292397662,5.461823830409358,5.30961866471735,5.356451023391814,43749.69,40233.524
2017-10-13,5.362305068226122,5.485240009746589,5.315472709551658,5.45596978557505,49791.97,46222.75
2017-10-16,5.473531920077973,5.479385964912281,5.344742933723198,5.3505969785575065,45387.0,41790.413
2017-10-17,5.3505969785575065,5.385721247563353,5.297910575048734,5.3505969785575065,35538.56,32463.9
2017-10-18,5.3505969785575065,5.391575292397662,5.30961866471735,5.315472709551658,34055.27,31086.582
2017-10-19,5.315472709551658,5.362305068226122,5.157413499025342,5.215953947368422,49591.08,44267.761
2017-10-20,5.210099902534114,5.30961866471735,5.210099902534114,5.303764619883042,31624.61,28407.331
2017-10-23,5.210099902534114,5.327180799220273,5.151559454191035,5.286202485380118,50756.5,45516.614
2017-10-24,5.297910575048734,5.409137426900585,5.2686403508771935,5.391575292397662,50154.51,46035.14
2017-10-25,5.444261695906434,5.45596978557505,5.356451023391814,5.379867202729045,36613.3,33635.315
2017-10-26,5.391575292397662,5.479385964912281,5.385721247563353,5.461823830409358,54820.32,51013.916
2017-10-27,5.485240009746589,5.485240009746589,5.4208455165692015,5.45596978557505,55855.19,52059.093
2017-10-30,5.444261695906434,5.502802144249514,5.315472709551658,5.39742933723197,77022.87,71129.248
2017-10-31,5.42669956140351,5.5613425925925934,5.385721247563353,5.555488547758285,100246.1,93911.399
2017-11-01,5.590612816764134,5.66086135477583,5.520364278752437,5.549634502923978,98261.99,93937.107
2017-11-02,5.596466861598442,5.619883040935673,5.391575292397662,5.450115740740742,133048.62,124190.477
2017-11-03,5.450115740740742,5.590612816764134,5.4208455165692015,5.532072368421053,141778.2,134002.216
2017-11-06,5.520364278752437,5.619883040935673,5.479385964912281,5.5671966374269015,120447.41,114139.51
2017-11-07,5.596466861598442,5.883315058479534,5.5613425925925934,5.865752923976609,195535.26,192744.185
2017-11-08,5.871606968810917,6.017958089668617,5.830628654970762,5.877461013645225,206706.4,208826.194
2017-11-09,5.8598988791423015,6.070644493177388,5.854044834307993,6.012104044834309,155864.11,159774.018
2017-11-10,6.012104044834309,6.076498538011697,5.982833820662769,6.012104044834309,106450.6,109486.134
2017-11-13,6.035520224171541,6.228703703703705,6.000395955165693,6.099914717348929,155889.62,162836.259
2017-11-14,6.117476851851852,6.135038986354777,5.994541910331385,6.082352582846005,136413.09,141238.528
2017-11-15,6.082352582846005,6.293098196881092,6.070644493177388,6.21114156920078,121807.7,128592.699
2017-11-16,6.222849658869397,6.263827972709552,6.099914717348929,6.199433479532165,104140.6,110030.97
2017-11-17,6.234557748538013,6.234557748538013,5.900877192982457,5.947709551656921,132427.5,137621.546
2017-11-20,5.871606968810917,6.5214059454191045,5.807212475633529,6.497989766081872,269921.95,287428.43
2017-11-21,6.468719541910333,6.5975085282651085,6.3750548245614045,6.404325048732944,178543.0,196972.269
2017-11-22,6.421887183235869,6.486281676413256,6.058936403508772,6.228703703703705,209786.12,224300.383
2017-11-23,6.1526011208577005,6.205287524366472,5.91843932748538,5.9360014619883055,182658.2,188056.239
2017-11-24,5.824774610136453,6.017958089668617,5.824774610136453,5.947709551656921,74807.68,75997.462
2017-11-27,5.971125730994153,6.094060672514621,5.91843932748538,5.9360014619883055,95824.54,98058.594
2017-11-28,5.959417641325537,6.35749269005848,5.836482699805069,6.275536062378169,197611.56,207139.065
2017-11-29,6.410179093567252,6.732151559454192,6.410179093567252,6.603362573099416,311995.03,350515.668
2017-11-30,6.568238304093569,6.65019493177388,6.486281676413256,6.579946393762184,158271.69,176866.0
2017-12-01,6.550676169590644,6.603362573099416,6.439449317738792,6.538968079922029,142143.71,158179.248
2017-12-04,6.568238304093569,7.1126644736842115,6.544822124756336,7.024853801169591,395178.54,465262.283
2017-12-05,6.960459307992204,7.013145711500976,6.556530214424952,6.697027290448344,285751.87,330750.829
2017-12-06,6.6736111111111125,6.995583576998051,6.5916544834308,6.8902107699805075,215029.08,251456.03
2017-12-15,7.247307504873296,7.580988060428851,7.124372563352828,7.311701998050683,728545.79,919564.556
2017-12-18,7.194621101364523,7.2590155945419115,6.995583576998051,7.124372563352828,311518.04,379535.472
2017-12-19,7.1126644736842115,7.604404239766083,7.042415935672516,7.299993908382068,330001.41,415829.892
2017-12-20,7.305847953216376,7.446345029239768,7.1887670565302155,7.223891325536063,145036.04,180936.799
2017-12-21,7.141934697855751,7.14778874269006,6.896064814814816,6.966313352826512,309720.39,371870.111
2017-12-22,7.054124025341133,7.29413986354776,7.013145711500976,7.218037280701756,305539.05,374869.107
2017-12-25,7.229745370370371,7.29413986354776,7.095102339181287,7.141934697855751,114967.65,140414.908
2017-12-26,7.14778874269006,7.14778874269006,6.855086500974661,6.97216739766082,180510.3,214765.654
2017-12-27,7.024853801169591,7.171204922027291,6.849232456140352,6.995583576998051,181022.05,216898.504
2017-12-28,6.995583576998051,7.223891325536063,6.907772904483433,6.978021442495128,178239.78,215479.649
2017-12-29,7.018999756335284,7.311701998050683,7.018999756335284,7.218037280701756,184451.37,227009.399
2018-01-02,7.1887670565302155,7.873690302144251,7.141934697855751,7.739047270955167,278944.96,366515.948
2018-01-03,7.803441764132555,8.0551656920078,7.698068957115011,7.943938840155947,255594.85,345567.055
2018-01-04,7.949792884990255,8.148830409356727,7.844420077972711,8.043457602339183,247530.21,338038.169
2018-01-05,7.967355019493178,8.061019736842105,7.891252436647175,7.96150097465887,117540.84,160197.005
2018-01-08,7.9263767056530225,8.710818713450294,7.9263767056530225,8.582029727095518,329217.84,472734.955
2018-01-09,8.570321637426902,8.991812865497078,8.306889619883043,8.42982456140351,316564.08,463664.857
2018-01-10,8.628862085769983,8.798629385964913,7.867836257309943,8.072727826510722,432825.75,607932.124
2018-01-11,8.183954678362575,8.183954678362575,7.908814571150098,8.125414230019494,231711.66,318031.561
2018-01-12,8.101998050682262,8.587883771929826,8.031749512670567,8.289327485380118,241347.36,345695.796
2018-01-15,8.359576023391813,8.423970516569202,7.908814571150098,8.066873781676414,265244.86,365470.351
2018-01-16,8.090289961013646,8.453240740740743,7.949792884990255,8.365430068226122,274787.89,390245.724
2018-01-17,8.31274366471735,8.535197368421054,8.049311647173491,8.353721978557505,273080.97,384304.334
2018-01-18,8.306889619883043,8.997666910331384,8.306889619883043,8.786921296296297,363394.33,541113.341
2018-01-19,8.734234892787526,9.10303971734893,8.652278265107213,8.991812865497078,263384.02,402651.239
2018-01-22,8.98595882066277,9.366471734892789,8.933272417153997,9.272807017543862,198419.11,312933.246
2018-01-23,9.284515107212476,9.471844541910333,9.003520955165694,9.319639376218325,191971.96,302788.628
2018-01-24,9.401596003898636,9.42501218323587,9.108893762183238,9.190850389863549,146130.9,229899.546
2018-01-25,9.196704434697859,9.401596003898636,9.138163986354776,9.237682748538013,128666.22,203950.912
2018-01-26,9.24939083820663,9.372325779727097,9.138163986354776,9.214266569200781,126619.32,200429.362
2018-01-29,9.302077241715402,9.442574317738792,9.190850389863549,9.354763645224173,165255.1,263085.054
2018-01-30,9.24939083820663,9.378179824561405,8.786921296296297,8.962542641325538,243967.83,376217.99
2018-01-31,8.92741837231969,8.92741837231969,8.593737816764135,8.704964668615986,213100.95,317041.728
2018-02-01,8.886440058479533,9.208412524366473,8.880586013645226,8.92741837231969,221433.44,340861.146
2018-02-02,8.786921296296297,9.13230994152047,8.289327485380118,9.067915448343081,255907.54,385571.484
2018-02-05,8.92741837231969,9.635757797270957,8.792775341130605,9.547947124756336,242699.64,384865.778
2018-02-06,9.173288255360625,9.384033869395713,8.710818713450294,8.909856237816767,262968.23,409453.294
2018-02-07,9.179142300194933,9.401596003898636,8.798629385964913,8.92741837231969,210923.14,328531.377
2018-02-08,8.78106725146199,8.827899610136454,8.371284113060431,8.617153996101367,240044.29,352059.033
2018-02-09,8.213224902534114,8.213224902534114,7.756609405458091,8.008333333333335,264630.47,361839.818
2018-02-12,8.148830409356727,8.51763523391813,8.113706140350878,8.447386695906435,133302.78,189413.72
2018-02-13,8.529343323586746,8.857169834307994,8.529343323586746,8.804483430799221,110594.93,165480.627
2018-02-14,8.898148148148149,9.01522904483431,8.816191520467838,8.857169834307994,67793.65,103069.62
2018-02-22,9.01522904483431,9.337201510721249,9.009375000000002,9.30793128654971,126617.12,200318.753
2018-02-23,9.337201510721249,9.413304093567252,9.144018031189084,9.237682748538013,103960.65,164612.234
2018-02-26,9.27866106237817,9.629903752436649,9.27866106237817,9.547947124756336,147643.11,239867.628
2018-02-27,9.518676900584797,9.629903752436649,9.032791179337233,9.07376949317739,220821.87,349451.261
2018-02-28,9.243536793372321,9.243536793372321,8.921564327485381,9.196704434697859,179036.19,277629.436
2018-03-01,9.179142300194933,9.284515107212476,8.974250730994154,9.044499269005849,163796.71,255450.74
2018-03-02,9.097185672514621,9.190850389863549,8.921564327485381,8.95668859649123,148492.82,229243.559
2018-03-05,8.962542641325538,8.974250730994154,8.295181530214427,8.418116471734894,271271.35,397597.816
2018-03-06,8.48836500974659,8.72252680311891,8.377138157894738,8.716672758284602,175360.95,255992.372
2018-03-07,8.751797027290449,8.798629385964913,8.277619395711502,8.31274366471735,231046.92,333343.517
2018-03-08,8.377138157894738,8.470802875243667,8.16639254385965,8.388846247563354,154838.06,220665.033
2018-03-09,8.476656920077975,8.775213206627681,8.412262426900586,8.763505116959067,176497.83,260027.206
2018-03-12,8.681548489278754,9.27866106237817,8.605445906432749,9.149872076023394,248067.42,382377.277
2018-03-13,9.114747807017546,9.419158138401562,9.114747807017546,9.255244883040938,235625.92,373063.654
2018-03-14,9.24939083820663,9.325493421052633,9.108893762183238,9.284515107212476,138259.3,218436.667
2018-03-15,9.24939083820663,9.348909600389865,8.980104775828462,9.03864522417154,150998.64,235478.68
2018-03-16,9.085477582846005,9.261098927875246,9.079623538011697,9.155726120857702,123726.63,193660.467
2018-03-19,8.98595882066277,9.120601851851854,8.74594298245614,8.880586013645226,157573.25,238806.196
2018-03-20,8.886440058479533,8.974250730994154,8.775213206627681,8.909856237816767,98659.53,149502.903
2018-03-21,8.909856237816767,9.337201510721249,8.909856237816767,9.138163986354776,200078.2,313799.343
2018-03-22,9.126455896686162,9.24939083820663,8.968396686159846,9.079623538011697,116083.79,179949.442
2018-03-23,8.623008040935675,8.92741837231969,8.57617568226121,8.740088937621834,177406.98,265353.238
2018-03-26,8.769359161793375,8.886440058479533,8.459094785575049,8.880586013645226,137880.43,204678.321
2018-03-27,9.062061403508773,9.07376949317739,8.54690545808967,8.611299951267059,224743.6,335128.9
2018-03-28,8.441532651072126,8.640570175438597,8.377138157894738,8.511781189083822,197135.47,287192.631
2018-03-29,8.552759502923978,8.72252680311891,8.277619395711502,8.59959186159844,172431.45,250117.247
2018-03-30,8.734234892787526,8.83960769980507,8.48836500974659,8.564467592592594,144465.73,213371.25
2018-04-02,8.605445906432749,8.827899610136454,8.54690545808967,8.763505116959067,141629.73,211473.735
2018-04-03,8.716672758284602,8.827899610136454,8.552759502923978,8.687402534113062,114265.02,169706.079
2018-04-04,8.769359161793375,8.786921296296297,8.48836500974659,8.51763523391813,114366.91,167635.665
2018-04-09,8.51763523391813,8.51763523391813,8.154684454191035,8.236641081871346,169122.1,238671.391
2018-04-10,8.271765350877194,8.646424220272905,8.195662768031191,8.628862085769983,140136.91,202574.062
2018-04-11,8.751797027290449,8.898148148148149,8.628862085769983,8.728380847953218,116825.03,175249.474
2018-04-12,8.740088937621834,8.857169834307994,8.716672758284602,8.734234892787526,110424.56,165615.281
2018-04-13,8.833753654970762,8.974250730994154,8.734234892787526,8.822045565302146,95547.0,144139.371
2018-04-16,8.81033747563353,8.83960769980507,8.66398635477583,8.74594298245614,71979.66,107453.303
2018-04-17,8.74594298245614,8.78106725146199,8.423970516569202,8.42982456140351,100769.03,146982.905
2018-04-18,8.435678606237818,8.617153996101367,8.377138157894738,8.453240740740743,125443.52,181749.682
2018-04-19,8.48836500974659,8.69325657894737,8.453240740740743,8.611299951267059,102159.5,149977.449
2018-04-20,8.611299951267059,8.699110623781678,8.535197368421054,8.623008040935675,60981.0,89807.355
2018-04-23,8.617153996101367,8.66398635477583,8.459094785575049,8.541051413255362,60459.93,87986.87
2018-04-24,8.593737816764135,8.78106725146199,8.54690545808967,8.704964668615986,101126.38,149968.503
2018-04-25,8.66398635477583,8.66398635477583,8.558613547758286,8.611299951267059,58614.07,86186.945
2018-04-26,8.54690545808967,8.59959186159844,8.423970516569202,8.470802875243667,68260.19,98983.456
2018-04-27,8.48836500974659,8.699110623781678,8.470802875243667,8.652278265107213,70720.1,103910.445
2018-05-02,8.681548489278754,8.833753654970762,8.640570175438597,8.792775341130605,103837.34,155441.364
2018-05-03,8.822045565302146,9.208412524366473,8.769359161793375,9.079623538011697,153518.01,236143.931
2018-05-04,9.126455896686162,9.24939083820663,9.021083089668618,9.108893762183238,93692.47,146133.317
2018-05-07,9.243536793372321,9.577217348927876,9.179142300194933,9.42501218323587,218451.09,351619.049
2018-05-08,9.477698586744642,9.53623903508772,9.290369152046784,9.337201510721249,113064.16,180805.196
2018-05-09,9.360617690058481,9.495260721247565,9.284515107212476,9.325493421052633,97039.0,155425.633
2018-05-10,9.430866228070176,9.659173976608189,9.413304093567252,9.583071393762186,219016.73,358205.84
2018-05-11,9.612341617933726,9.82894127680312,9.547947124756336,9.665028021442497,131384.36,217454.583
2018-05-14,9.606487573099416,9.77040082846004,9.465990497076026,9.518676900584797,115037.58,188814.293
2018-05-15,9.71186038011696,9.7411306042885,9.553801169590646,9.670882066276805,126279.42,208280.008
2018-05-16,9.71186038011696,9.752838693957116,9.454282407407408,9.530384990253413,109976.18,179901.423
2018-05-17,9.612341617933726,9.91675194931774,9.454282407407408,9.869919590643276,185034.15,307760.583
2018-05-18,9.910897904483432,10.402637670565303,9.79967105263158,10.1801839668616,314258.4,546436.171
2018-05-21,10.30311890838207,10.508010477582847,10.133351608187136,10.197746101364524,225153.77,396298.43
2018-05-22,10.27384868421053,10.408491715399613,9.951876218323589,10.1801839668616,200029.59,346528.274
2018-05-23,10.15091374269006,10.168475877192984,9.71771442495127,9.735276559454192,173962.21,292968.076
2018-05-24,9.71186038011696,9.875773635477586,9.694298245614036,9.7411306042885,105756.07,176096.587
2018-05-25,9.71186038011696,9.77040082846004,9.524530945419105,9.735276559454192,115915.97,190920.072
2018-05-28,9.547947124756336,9.706006335282652,9.313785331384016,9.419158138401562,200309.88,322799.09
2018-05-29,9.448428362573102,9.588925438596492,9.337201510721249,9.360617690058481,87266.44,140673.924
2018-05-30,9.190850389863549,9.319639376218325,9.085477582846005,9.114747807017546,144860.34,227528.693
2018-05-31,9.225974658869397,9.27866106237817,9.079623538011697,9.167434210526318,89130.85,139452.398
2018-06-01,9.03864522417154,9.237682748538013,9.03864522417154,9.07376949317739,77161.78,120371.935
2018-06-04,9.10303971734893,9.489406676413257,9.044499269005849,9.465990497076026,133868.27,212796.587
2018-06-05,9.436720272904486,9.588925438596492,9.407450048732946,9.524530945419105,93322.13,151863.226
2018-06-06,9.460136452241716,9.588925438596492,9.401596003898636,9.471844541910333,66493.85,107576.94
2018-06-07,9.518676900584797,9.57136330409357,9.366471734892789,9.384033869395713,69330.94,112467.04
2018-06-08,9.39574195906433,9.483552631578949,9.149872076023394,9.27866106237817,113998.5,182177.634
2018-06-11,9.337201510721249,9.348909600389865,9.10303971734893,9.16158016569201,80820.64,127186.411
2018-06-12,9.272807017543862,9.33134746588694,9.07376949317739,9.225974658869397,66860.29,105280.996
2018-06-13,9.24939083820663,9.296223196881094,9.120601851851854,9.16158016569201,61760.58,97210.399
2018-06-14,9.108893762183238,9.24939083820663,9.108893762183238,9.179142300194933,38704.95,60664.647
2018-06-15,9.13230994152047,9.296223196881094,9.01522904483431,9.243536793372321,98289.1,153756.712
2018-06-19,8.86887792397661,9.091331627680313,8.359576023391813,8.48836500974659,188221.43,281374.734
2018-06-20,8.529343323586746,8.681548489278754,8.260057261208578,8.447386695906435,138608.76,199991.963
2018-06-21,8.459094785575049,8.57617568226121,8.16639254385965,8.189808723196883,129815.36,185402.422
2018-06-22,8.183954678362575,8.388846247563354,7.797587719298247,8.382992202729046,197795.57,271523.294
2018-06-25,8.382992202729046,8.628862085769983,8.359576023391813,8.406408382066278,90283.63,131010.257
2018-06-26,8.271765350877194,8.459094785575049,8.183954678362575,8.423970516569202,107551.38,153283.305
2018-06-27,8.535197368421054,8.72252680311891,8.447386695906435,8.511781189083822,139432.82,204893.872
2018-06-28,8.51763523391813,8.640570175438597,8.28347344054581,8.289327485380118,99876.13,144601.452
2018-06-29,8.318597709551659,8.59959186159844,8.189808723196883,8.582029727095518,93075.27,133125.845
2018-07-02,8.535197368421054,8.646424220272905,8.388846247563354,8.535197368421054,94856.5,138696.098
2018-07-03,8.535197368421054,8.734234892787526,8.31274366471735,8.710818713450294,103624.36,150839.526
2018-07-04,8.687402534113062,8.734234892787526,8.500073099415205,8.617153996101367,79926.88,118112.432
2018-07-05,8.658132309941521,8.658132309941521,8.2015168128655,8.2015168128655,109005.07,156331.698
2018-07-06,8.207370857699805,8.423970516569202,8.02004142300195,8.23078703703704,99989.24,140452.886
2018-07-09,8.28347344054581,8.541051413255362,8.260057261208578,8.535197368421054,92308.22,132258.175
2018-07-10,8.500073099415205,8.874731968810918,8.482510964912283,8.769359161793375,133983.17,199733.564
2018-07-11,8.605445906432749,8.775213206627681,8.482510964912283,8.72252680311891,88027.07,130450.639
2018-07-12,8.605445906432749,8.939126461988305,8.54690545808967,8.904002192982459,87141.51,131341.444
2018-07-13,8.904002192982459,8.997666910331384,8.669840399610138,8.98595882066277,110975.01,167736.768
2018-07-16,8.98595882066277,9.003520955165694,8.72252680311891,8.83960769980507,80028.44,120966.847
2018-07-17,8.827899610136454,8.874731968810918,8.640570175438597,8.751797027290449,87425.0,130572.96
2018-07-18,8.78106725146199,8.944980506822613,8.769359161793375,8.845461744639378,77850.31,117856.552
2018-07-19,8.874731968810918,8.89229410331384,8.78106725146199,8.798629385964913,54297.42,81783.879
2018-07-20,8.863023879142302,9.032791179337233,8.78106725146199,9.01522904483431,90413.14,137943.001
2018-07-23,9.01522904483431,9.056207358674465,8.81033747563353,8.92741837231969,139294.18,211777.751
2018-07-24,9.03864522417154,9.823087231968813,9.03864522417154,9.71771442495127,314691.33,515184.581
2018-07-25,9.723568469785576,9.881627680311892,9.39574195906433,9.419158138401562,183083.64,299411.997
2018-07-26,9.436720272904486,9.524530945419105,9.348909600389865,9.42501218323587,115637.24,186301.542
2018-07-27,9.430866228070176,9.512822855750489,9.173288255360625,9.454282407407408,96983.09,155056.207
2018-07-30,9.629903752436649,9.811379142300197,9.483552631578949,9.618195662768033,194275.67,320731.502
2018-07-31,9.641611842105265,9.782108918128657,9.430866228070176,9.723568469785576,139139.46,229141.567
2018-08-01,9.7411306042885,9.899189814814816,9.641611842105265,9.65331993177388,135321.7,226309.453
2018-08-02,9.694298245614036,9.846503411306045,9.302077241715402,9.629903752436649,187258.35,305014.849
2018-08-03,9.612341617933726,9.729422514619886,9.477698586744642,9.588925438596492,112205.43,184245.433
2018-08-06,9.588925438596492,9.659173976608189,8.63471613060429,8.652278265107213,234632.65,362653.298
2018-08-07,8.66398635477583,9.243536793372321,8.51763523391813,9.231828703703705,225886.98,346328.258
2018-08-08,9.261098927875246,9.39574195906433,9.085477582846005,9.208412524366473,87130.19,137424.066
2018-08-09,9.13230994152047,9.553801169590646,9.085477582846005,9.384033869395713,140849.53,225175.741
2018-08-10,9.401596003898636,9.512822855750489,9.39574195906433,9.471844541910333,91708.03,148092.338
2018-08-13,9.448428362573102,9.495260721247565,9.255244883040938,9.483552631578949,157484.9,251756.717
2018-08-14,9.483552631578949,9.624049707602342,9.413304093567252,9.512822855750489,121102.1,196590.29
2018-08-15,9.559655214424952,9.57136330409357,9.343055555555557,9.372325779727097,128819.46,207518.817
2018-08-16,9.307516186299083,9.366054023948761,9.085072403230297,9.096779970760235,136808.6,214520.106
2018-08-17,9.190440510999721,9.266539699944305,8.768968079922027,8.862628620161516,218512.2,335327.276
2018-08-20,8.897751322751322,9.026534565580619,8.862628620161516,9.026534565580619,94347.16,144198.519
2018-08-21,9.126048889585075,9.45386078042328,9.073364835700362,9.360200240183794,136467.92,217277.084
2018-08-22,9.366054023948761,9.424591861598442,9.248978348649402,9.330931321358953,73508.56,116888.851
2018-08-23,9.395322942773602,9.407030510303537,9.131902673350043,9.237270781119465,102537.48,161952.433
2018-08-24,9.190440510999721,9.325077537593986,9.126048889585075,9.184586727234754,73468.98,115499.15
2018-08-27,9.248978348649402,9.424591861598442,9.190440510999721,9.360200240183794,123726.19,197758.521
2018-08-28,9.39574195906433,9.624049707602342,9.39574195906433,9.606487573099416,238384.28,389293.106
2018-08-29,9.600633528265108,9.71771442495127,9.53623903508772,9.694298245614036,162398.77,266918.883
2018-08-30,9.68844420077973,9.83479532163743,9.57136330409357,9.68844420077973,182335.59,301605.919
2018-08-31,9.629903752436649,9.694298245614036,9.442574317738792,9.54209307992203,144844.22,236454.492
2018-09-03,9.518676900584797,9.530384990253413,9.243536793372321,9.372325779727097,96933.55,154752.2
2018-09-04,9.419158138401562,9.746984649122808,9.407450048732946,9.483552631578949,123035.72,201207.837
2018-09-05,9.477698586744642,9.57136330409357,9.413304093567252,9.448428362573102,65597.36,106356.054
2018-09-06,9.366471734892789,9.430866228070176,9.225974658869397,9.237682748538013,99076.0,157196.967
2018-09-07,9.302077241715402,9.384033869395713,9.149872076023394,9.266952972709554,49877.24,79099.095
2018-09-10,9.27866106237817,9.348909600389865,9.126455896686162,9.24939083820663,74238.6,116409.873
2018-09-11,9.24939083820663,9.302077241715402,8.92741837231969,9.056207358674465,142352.73,220647.282
2018-09-12,9.050353313840159,9.167434210526318,8.950834551656921,9.13230994152047,66560.7,103404.126
2018-09-13,9.214266569200781,9.266952972709554,9.108893762183238,9.144018031189084,33304.25,52057.732
2018-09-14,9.179142300194933,9.39574195906433,9.16158016569201,9.284515107212476,56147.45,89158.115
2018-09-17,9.296223196881094,9.325493421052633,9.108893762183238,9.108893762183238,43086.65,67543.759
2018-09-18,9.07376949317739,9.190850389863549,9.021083089668618,9.167434210526318,53089.15,82414.824
2018-09-19,9.155726120857702,9.24939083820663,9.07376949317739,9.214266569200781,74614.88,116926.44
2018-09-20,9.214266569200781,9.27866106237817,9.07376949317739,9.220120614035089,90163.32,141542.892
2018-09-21,9.208412524366473,9.553801169590646,9.144018031189084,9.524530945419105,98391.68,157783.314
2018-09-25,9.442574317738792,9.600633528265108,9.39574195906433,9.518676900584797,65205.8,105883.156
2018-09-26,9.53623903508772,9.635757797270957,9.460136452241716,9.512822855750489,102423.61,167174.562
2018-09-27,9.530384990253413,9.553801169590646,9.337201510721249,9.366471734892789,65644.32,105576.457
2018-09-28,9.3416205444166,9.543794381787805,9.3416205444166,9.537848092453357,69393.32,110738.8
2018-10-08,9.448653752436648,9.484331488443331,9.264318783068784,9.33567425508215,83722.48,131979.407
2018-10-09,9.37729828042328,9.442707463102202,9.246479915065443,9.288103940406573,49034.38,76866.708
2018-10-10,9.25242620439989,9.359459412419941,9.240533625730995,9.323781676413256,28934.16,45247.562
2018-10-11,8.97295060568087,9.175124443052075,8.538871484266222,8.675636138958508,132555.2,197663.624
2018-10-12,8.729152742968534,9.14539299637984,8.086953494848233,9.091876392369814,182876.25,266394.838
2018-10-15,9.097822681704262,9.14539299637984,8.526978905597328,8.812400793650795,120748.04,179425.88
2018-10-16,9.068091235032027,9.091876392369814,8.568602930938459,8.75888418964077,83437.46,123039.541
2018-10-17,8.800508214981901,8.889702554998609,8.580495509607353,8.639958402951825,75233.14,109855.49
2018-10-18,8.568602930938459,8.592388088276246,7.884779657477027,7.884779657477027,173268.23,237500.729
2018-10-19,7.730176134781399,8.19993299220273,7.492324561403509,8.110738652186022,138122.78,180223.689
2018-10-22,8.342643936229463,8.580495509607353,8.229664438874966,8.532925194931774,124026.19,176486.977
2018-10-23,8.532925194931774,8.669689849624062,8.3723753829017,8.425891986911726,103391.18,147438.795
2018-10-24,8.3723753829017,8.47940859092175,8.164255256196046,8.271288464216097,119563.35,166883.197
2018-10-25,8.057222048175998,8.324805068226123,7.849101921470344,8.312912489557228,104153.11,141481.656
2018-10-26,8.43778456558062,8.443730854915067,8.211825570871625,8.306966200222782,83009.08,116493.619
2018-10-29,8.628065824282931,8.681582428292955,8.247503306878308,8.324805068226123,168630.38,238249.474
2018-10-30,8.312912489557228,8.449677144249515,8.09289978418268,8.378321672236147,122024.56,170680.516
2018-10-31,8.443730854915067,8.461569722918409,8.34859022556391,8.408053118908384,80727.04,114304.807
2018-11-01,8.443730854915067,8.5864417989418,8.390214250905041,8.526978905597328,94239.23,134595.535
2018-11-02,8.574549220272905,8.955111737677528,8.574549220272905,8.90754142300195,147038.99,218765.185
2018-11-05,8.919434001670846,9.020520920356448,8.800508214981901,8.919434001670846,80846.13,121472.121
2018-11-06,8.978896895015318,8.978896895015318,8.84213224032303,8.919434001670846,46656.32,69805.254
2018-11-07,8.919434001670846,9.014574631022,8.871863686995267,8.901595133667504,42099.0,63045.206
2018-11-08,8.978896895015318,8.990789473684211,8.729152742968534,8.770776768309664,46049.05,68461.998
2018-11-09,8.782669346978558,8.88375626566416,8.746991610971875,8.84213224032303,34435.69,51139.574
2018-11-12,8.848078529657478,8.913487712336398,8.776723057644112,8.88375626566416,39886.95,59440.227
2018-11-13,8.86591739766082,8.943219159008633,8.818347082985243,8.919434001670846,42118.51,62994.366
2018-11-14,8.859971108326373,9.020520920356448,8.800508214981901,8.895648844333056,37326.52,56100.346
2018-11-15,8.996735763018659,8.996735763018659,8.800508214981901,8.90754142300195,44334.04,66262.755
2018-11-16,8.919434001670846,8.943219159008633,8.836185950988584,8.836185950988584,47405.31,70685.406
2018-11-19,8.895648844333056,8.90754142300195,8.776723057644112,8.90754142300195,50376.52,74957.102
2018-11-20,8.90754142300195,8.90754142300195,8.330751357560569,8.669689849624062,157218.12,225943.349
2018-11-21,8.384267961570595,8.402106829573937,8.146416388192705,8.176147834864942,200017.72,276730.08
2018-11-22,8.26534217488165,8.277234753550545,8.057222048175998,8.11668494152047,115431.88,158365.52
2018-11-23,8.039383180172655,8.110738652186022,7.6112503480924545,7.730176134781399,176988.88,231590.985
2018-11-26,7.545841165413535,7.646928084099137,7.313935881370093,7.4269153787245905,165835.73,208435.775
2018-11-27,7.539894876079088,7.70639097744361,7.432861668059037,7.682605820105821,87130.07,111009.697
2018-11-28,7.74801500278474,8.146416388192705,7.74801500278474,8.033436890838209,199780.13,267429.774
2018-11-29,7.950188840155946,8.1583089668616,7.950188840155946,7.968027708159289,110464.83,149518.174
2018-11-30,8.051275758841548,8.09289978418268,7.908564814814817,8.09289978418268,95162.42,128375.207
2018-12-03,8.354536514898358,8.431838276246172,8.211825570871625,8.312912489557228,150531.19,211448.853
2018-12-04,8.324805068226123,8.378321672236147,8.193986702868283,8.312912489557228,70962.0,98660.931
2018-12-05,8.164255256196046,8.306966200222782,8.00965173350042,8.26534217488165,71066.87,97722.2
2018-12-06,8.205879281537177,8.229664438874966,8.07506091617934,8.122631230854916,47441.85,64966.529
2018-12-07,8.146416388192705,8.342643936229463,8.104792362851574,8.247503306878308,74306.03,103106.006
2018-12-10,8.28318104288499,8.312912489557228,8.182094124199388,8.229664438874966,46349.32,64395.895
2018-12-11,8.217771860206073,8.34859022556391,8.176147834864942,8.253449596212755,53206.17,73978.24
2018-12-12,8.277234753550545,8.47940859092175,8.253449596212755,8.431838276246172,87349.99,123662.091
2018-12-13,8.538871484266222,8.622119534948483,8.366429093567254,8.43778456558062,95715.05,136644.91
2018-12-14,8.532925194931774,8.550764062935118,8.360482804232806,8.41399940824283,69493.3,98566.595
2018-12-17,8.443730854915067,8.443730854915067,8.086953494848233,8.19993299220273,51361.72,70950.675
2018-12-18,8.122631230854916,8.306966200222782,8.07506091617934,8.277234753550545,77325.04,106573.565
2018-12-19,8.253449596212755,8.301019910888334,7.896672236145921,7.938296261487052,130538.59,177293.629
2018-12-20,7.938296261487052,8.235610728209414,7.77180016012253,8.19993299220273,166327.21,226788.283
2018-12-21,8.19993299220273,8.247503306878308,7.979920286828182,8.09289978418268,125905.26,171776.884
2018-12-24,8.134523809523811,8.235610728209414,8.039383180172655,8.122631230854916,40112.21,55046.399
2018-12-25,8.081007205513785,8.081007205513785,7.926403682818158,7.962081418824841,152662.56,205203.551
2018-12-26,8.039383180172655,8.122631230854916,7.849101921470344,7.944242550821499,55980.28,75358.024
2018-12-27,8.033436890838209,8.104792362851574,7.783692738791424,7.783692738791424,81341.53,108331.757
2018-12-28,7.837209342801449,8.039383180172655,7.777746449456977,7.87883336814258,118074.45,157127.577
2019-01-02,7.896672236145921,8.07506091617934,7.753961292119188,7.997759154831524,136897.55,183226.622
2019-01-03,7.979920286828182,8.057222048175998,7.908564814814817,8.021544312169313,108675.9,146207.875
2019-01-04,7.962081418824841,8.146416388192705,7.884779657477027,8.110738652186022,128743.25,174013.293
2019-01-07,8.146416388192705,8.211825570871625,7.973973997493736,8.152362677527153,120363.22,164186.606
2019-01-08,8.170201545530494,8.176147834864942,8.021544312169313,8.057222048175998,65834.36,89662.568
2019-01-09,8.057222048175998,8.193986702868283,8.02749060150376,8.122631230854916,88311.18,120673.234
2019-01-10,8.146416388192705,8.19993299220273,8.045329469507102,8.09289978418268,73970.27,100903.32
2019-01-11,8.086953494848233,8.128577520189364,7.908564814814817,8.081007205513785,113069.59,152267.121
2019-01-14,8.086953494848233,8.086953494848233,7.896672236145921,7.908564814814817,67803.56,90870.739
2019-01-15,7.92045739348371,7.956135129490394,7.801531606794765,7.872887078808133,76989.87,101707.217
2019-01-16,7.890725946811474,7.968027708159289,7.855048210804791,7.908564814814817,45813.79,60908.539
2019-01-17,7.9145111041492635,7.9145111041492635,7.712337266778058,7.74801500278474,49877.49,65571.178
2019-01-18,7.77180016012253,7.866940789473686,7.765853870788082,7.807477896129214,42798.69,56247.58
2019-01-21,7.872887078808133,8.069114626844891,7.8253167641325545,7.98586657616263,93074.68,124655.472
2019-01-22,8.003705444165972,8.039383180172655,7.87883336814258,7.908564814814817,36896.47,49326.65
2019-01-23,7.837209342801449,7.932349972152605,7.819370474798108,7.872887078808133,21329.15,28235.311
2019-01-24,7.831263053467002,7.884779657477027,7.736122424115846,7.77180016012253,47300.59,61827.299
2019-01-25,7.777746449456977,7.902618525480368,7.759907581453636,7.819370474798108,37575.49,49448.522
2019-01-28,7.831263053467002,7.950188840155946,7.831263053467002,7.902618525480368,49903.64,66419.394
2019-01-29,7.9145111041492635,7.9145111041492635,7.730176134781399,7.789639028125872,41590.17,54576.993
2019-01-30,7.789639028125872,7.860994500139238,7.736122424115846,7.74801500278474,34928.75,45765.896
2019-01-31,7.777746449456977,7.783692738791424,7.522056008075746,7.6112503480924545,66260.89,85002.794
2019-02-01,7.724229845446952,7.884779657477027,7.6112503480924545,7.843155632135896,79300.32,103937.85
2019-02-11,7.855048210804791,7.92045739348371,7.819370474798108,7.908564814814817,41594.27,55128.071
2019-02-12,7.9145111041492635,8.193986702868283,7.902618525480368,8.188040413533836,102055.16,138585.051
2019-02-13,8.295073621553886,8.295073621553886,8.146416388192705,8.247503306878308,93644.47,129402.772
2019-02-14,8.26534217488165,8.645904692286273,8.19993299220273,8.550764062935118,145707.57,209049.21
2019-02-15,8.550764062935118,8.61022695627959,8.378321672236147,8.41399940824283,67032.56,95407.521
2019-02-18,8.538871484266222,8.592388088276246,8.408053118908384,8.526978905597328,113138.89,161502.024
2019-02-19,8.50319374825954,8.50319374825954,8.34859022556391,8.45562343358396,82009.49,116009.281
2019-02-20,8.449677144249515,8.473462301587302,8.289127332219438,8.3723753829017,44345.87,62477.19
2019-02-21,8.354536514898358,8.443730854915067,8.26534217488165,8.342643936229463,87438.01,123137.866
2019-02-22,8.277234753550545,8.50319374825954,8.277234753550545,8.43778456558062,85581.72,121087.968
2019-02-25,8.50319374825954,9.091876392369814,8.50319374825954,9.008628341687555,221867.58,328892.33
2019-02-26,9.008628341687555,9.085930103035366,8.889702554998609,8.919434001670846,148671.31,225080.12
2019-02-27,8.919434001670846,9.03835978835979,8.806454504316347,8.913487712336398,90044.12,135140.766
2019-02-28,8.913487712336398,8.967004316346422,8.800508214981901,8.877809976329715,54029.12,80701.785
2019-03-01,8.854024818991926,8.901595133667504,8.69347500696185,8.86591739766082,84988.37,125674.317
2019-03-04,8.90754142300195,9.020520920356448,8.836185950988584,8.871863686995267,126557.59,189918.01
2019-03-05,8.889702554998609,9.068091235032027,8.776723057644112,9.062144945697579,116394.43,175043.188
2019-03-06,9.074037524366473,9.246479915065443,9.020520920356448,9.21080217905876,132390.94,204363.221
2019-03-07,9.282157651072126,9.305942808409915,9.074037524366473,9.091876392369814,123240.06,190339.295
2019-03-08,9.008628341687555,9.014574631022,8.687528717627403,8.764830478975217,109717.93,162997.729
2019-03-11,8.776723057644112,8.949165448343082,8.776723057644112,8.919434001670846,98053.22,146260.515
2019-03-12,9.032413499025342,9.091876392369814,8.836185950988584,8.90754142300195,133126.49,200485.079
2019-03-13,8.93132658033974,9.026467209690894,8.788615636313006,8.901595133667504,139395.2,208160.627
2019-03-14,8.967004316346422,8.967004316346422,8.770776768309664,8.901595133667504,107928.44,160478.913
2019-03-15,8.859971108326373,9.543794381787805,8.859971108326373,9.460546331105544,263983.91,415460.612
2019-03-18,9.502170356446674,10.406006335282653,9.502170356446674,10.298973127262602,453657.91,775228.163
2019-03-19,10.358436020607076,10.851978035366194,10.310865705931496,10.417898913951547,353258.1,627879.044
2019-03-20,10.459522939292677,10.584395015316069,10.287080548593709,10.554663568643834,175522.71,309241.495
2019-03-21,10.584395015316069,10.804407720690618,10.406006335282653,10.79846143135617,181382.66,324134.756
2019-03-22,10.881709482038431,11.0541518727374,10.584395015316069,10.988742690058482,159189.01,289250.967
2019-03-25,10.988742690058482,11.839062064884436,10.804407720690618,11.416875522138682,268770.1,521169.745
2019-03-26,11.416875522138682,11.743921435533279,11.214701684767476,11.262271999443055,177806.7,340619.7
2019-03-27,11.434714390142023,11.458499547479812,11.125507344750767,11.297949735449738,101136.76,191089.938
2019-03-28,11.428768100807575,11.428768100807575,10.881709482038431,11.030366715399612,136447.76,252843.805
2019-03-29,11.030366715399612,11.179023948760793,10.911440928710668,11.000635268727375,149454.35,276853.052
2019-04-01,11.179023948760793,11.547693887496521,11.077937030075189,11.286057156780842,185907.31,353342.338
2019-04-02,11.363358918128656,11.547693887496521,11.11956105541632,11.232540552770818,185420.52,352535.86
2019-04-03,11.232540552770818,11.35741262879421,10.970903822055138,11.238486842105264,141750.48,265747.012
2019-04-04,11.35741262879421,11.387144075466445,10.792515142021722,11.214701684767476,256602.57,475561.83
2019-04-08,11.654727095516572,12.237463450292399,11.58931791283765,11.684458542188807,407346.51,810087.726
2019-04-09,11.678512252854361,11.678512252854361,11.000635268727375,11.4822847048176,258278.52,489873.849
2019-04-10,11.595264202172098,11.595264202172098,11.11956105541632,11.22659426343637,185601.69,351520.196
2019-04-11,11.06009816207185,11.083883319409637,10.287080548593709,10.32870457393484,402329.85,714022.207
2019-04-12,10.10869186856029,10.340597152603733,9.918410609857979,10.340597152603733,294628.84,500263.62
2019-04-15,10.406006335282653,10.507093253968257,9.823269980506824,9.882732873851298,288769.24,493335.564
2019-04-16,9.96003463519911,10.013551239209136,9.698397904483432,9.995712371205792,171624.31,283704.659
2019-04-17,9.977873503202453,10.287080548593709,9.924356899192428,10.26329539125592,203956.08,349965.789
2019-04-18,10.185993629908104,10.643857908660541,10.10869186856029,10.566556147312728,164248.88,287768.848
2019-04-19,10.471415517961573,10.548717279309384,10.257349101921472,10.304919416597048,120416.51,209569.538
2019-04-22,10.346543441938179,10.846031746031747,10.310865705931496,10.721159670008356,218217.39,388393.495
2019-04-23,10.941172375382903,10.941172375382903,10.518985832637151,10.626019040657201,170014.03,304542.517
2019-04-24,10.584395015316069,10.661696776663883,10.251402812587024,10.471415517961573,138363.23,241401.376
2019-04-25,10.43573778195489,10.483308096630466,10.114638157894738,10.269241680590365,94916.38,164602.193
2019-04-26,10.257349101921472,10.364382309941522,9.906518031189085,9.930303188526874,120400.11,205291.499
2019-04-29,10.019497528543583,10.316811995265946,10.019497528543583,10.138423315232528,189030.84,323494.607
2019-04-30,9.983819792536899,10.584395015316069,9.757860797827904,10.572502436647175,207948.52,360796.073
2019-05-06,10.120584447229186,10.257349101921472,9.751914508493456,9.900571741854638,229690.54,383521.706
2019-05-07,9.888679163185744,10.191939919242552,9.841108848510165,9.948142056530216,111185.78,186909.089
2019-05-08,9.888679163185744,10.09085300055695,9.763807087162352,9.965980924533559,74094.46,123567.489
2019-05-09,9.841108848510165,9.965980924533559,9.591364696463382,9.650827589807855,102649.7,168433.653
2019-05-10,9.775699665831247,10.001658660540242,9.621096143135619,9.900571741854638,152323.74,252105.109
2019-05-13,9.906518031189085,10.17410105123921,9.847055137844611,9.989766081871347,167621.15,281546.025
2019-05-14,9.954088345864662,10.049228975215819,9.876786584516848,10.049228975215819,79982.68,134197.407
2019-05-15,10.10869186856029,10.459522939292677,10.10869186856029,10.459522939292677,157380.24,272793.851
2019-05-16,10.53682470064049,10.667643065998332,10.340597152603733,10.38816746727931,190309.55,335479.809
2019-05-17,10.465469228627125,10.507093253968257,10.221671365914789,10.37032859927597,163841.34,285762.847
2019-05-20,10.376274888610416,10.43573778195489,9.757860797827904,9.858947716513507,134088.57,225368.758
2019-05-21,9.858947716513507,9.989766081871347,9.757860797827904,9.930303188526874,87921.43,146199.96
2019-05-22,9.942195767195768,9.954088345864662,9.734075640490117,9.740021929824563,90016.69,148297.829
2019-05-23,9.734075640490117,9.781645955165693,9.650827589807855,9.674612747145643,68237.5,111235.964
2019-05-24,9.621096143135619,9.757860797827904,9.59731098579783,9.757860797827904,56724.45,92269.459
2019-05-27,9.757860797827904,10.13247702589808,9.757860797827904,10.078960421888054,87559.15,147031.849
2019-05-28,10.10869186856029,10.138423315232528,9.954088345864662,10.078960421888054,98529.81,166418.322
2019-05-29,10.078960421888054,10.078960421888054,9.96003463519911,10.019497528543583,51184.92,86132.62
2019-05-30,9.989766081871347,10.138423315232528,9.924356899192428,10.13247702589808,79829.74,135249.782
2019-05-31,10.138423315232528,10.26329539125592,10.096799289891397,10.185993629908104,66600.87,113925.849
2019-06-03,10.197886208576998,10.197886208576998,9.716236772486774,9.740021929824563,133010.46,220508.159
2019-06-04,9.751914508493456,9.894625452520192,9.722183061821221,9.835162559175718,65193.33,107503.072
2019-06-05,9.858947716513507,10.10869186856029,9.7697533764968,9.835162559175718,53562.42,88655.217
2019-06-06,9.829216269841272,9.829216269841272,9.603257275132275,9.81137740183793,122512.43,200295.843
2019-06-10,9.793538533834587,9.965980924533559,9.740021929824563,9.906518031189085,101056.89,167238.989
2019-06-11,9.906518031189085,10.06706784321916,9.835162559175718,10.037336396546923,130461.57,219120.026
2019-06-12,10.061121553884714,10.061121553884714,9.900571741854638,9.900571741854638,76417.78,128230.45
2019-06-13,9.924356899192428,9.924356899192428,9.763807087162352,9.80543111250348,69411.66,114631.88
2019-06-14,9.81137740183793,9.858947716513507,9.674612747145643,9.698397904483432,53904.96,88617.42
2019-06-17,9.70434419381788,9.847055137844611,9.615149853801173,9.823269980506824,61040.42,100684.852
2019-06-18,9.817323691172378,9.876786584516848,9.751914508493456,9.81137740183793,49257.13,81402.418
2019-06-19,9.96003463519911,10.10869186856029,9.930303188526874,10.043282685881373,145780.26,246015.795
2019-06-20,10.06706784321916,10.126530736563634,9.942195767195768,10.102745579225843,103670.46,175791.494
2019-06-21,10.10869186856029,10.227617655249235,10.031390107212477,10.227617655249235,140046.41,238885.391
2019-06-24,10.144369604566974,10.227617655249235,10.073014132553608,10.13247702589808,64600.47,110292.2
2019-06-25,10.144369604566974,10.197886208576998,9.96003463519911,10.078960421888054,57443.92,96992.129
2019-06-26,9.942195767195768,10.061121553884714,9.942195767195768,10.019497528543583,48978.27,82395.71
2019-06-27,10.297994987468671,10.314821776663882,10.121313700918963,10.222274436090226,190608.01,231760.563
2019-06-28,10.239101225285436,10.272754803675857,10.045593149540517,10.230687830687831,128505.26,154835.776
2019-07-01,10.52515664160401,10.52515664160401,10.096073517126149,10.398955722639933,232497.52,284737.038
2019-07-02,10.558810219994431,10.584050403787247,10.373715538847117,10.584050403787247,281132.22,349659.136
2019-07-03,10.348475355054303,10.432609301030354,10.26434140907825,10.289581592871066,124525.26,152845.504
2019-07-04,10.289581592871066,10.348475355054303,10.096073517126149,10.154967279309385,101635.9,123181.919
2019-07-05,10.205447646895015,10.205447646895015,10.020352965747703,10.11290030632136,65175.85,78198.306
2019-07-08,10.096073517126149,10.096073517126149,9.843671679197994,9.88573865218602,86394.44,102203.981
2019-07-09,9.927805625174047,9.978285992759677,9.86891186299081,9.961459203564466,49547.18,58392.135
2019-07-10,9.986699387357282,9.995112781954887,9.81843149540518,9.88573865218602,47663.37,55918.471
2019-07-11,9.910978835978835,9.953045808966861,9.826844890002784,9.894152046783626,46527.64,54671.797
2019-07-12,9.894152046783626,9.927805625174047,9.826844890002784,9.910978835978835,43142.05,50660.425
2019-07-15,9.910978835978835,9.986699387357282,9.80160470620997,9.927805625174047,71982.23,84552.75
2019-07-16,9.852085073795601,9.961459203564466,9.852085073795601,9.961459203564466,40421.07,47734.059
2019-07-17,9.944632414369257,10.037179754942912,9.88573865218602,10.020352965747703,65411.8,77567.981
2019-07-18,9.995112781954887,10.011939571150098,9.88573865218602,9.986699387357282,62198.28,73524.37
2019-07-19,9.986699387357282,10.045593149540517,9.910978835978835,9.986699387357282,68800.87,81661.709
2019-07-22,9.986699387357282,9.986699387357282,9.675403787245893,9.80160470620997,75316.01,87997.755
2019-07-23,9.80160470620997,9.81843149540518,9.725884154831524,9.776364522417154,70927.15,82336.617
2019-07-24,9.86891186299081,9.86891186299081,9.591269841269842,9.591269841269842,102672.32,118527.843
2019-07-25,9.666990392648287,9.666990392648287,9.439828738512949,9.60809663046505,62985.86,71480.286
2019-07-26,9.60809663046505,9.725884154831524,9.54078947368421,9.717470760233919,46928.27,53805.207
2019-07-29,9.734297549429128,10.230687830687831,9.675403787245893,10.11290030632136,201818.7,239011.652
2019-07-30,10.26434140907825,10.314821776663882,10.11290030632136,10.19703425229741,202029.43,244598.312
2019-07-31,10.19703425229741,10.255928014480645,10.096073517126149,10.1802074631022,134367.08,162796.722
2019-08-01,10.171794068504594,10.331648565859092,10.121313700918963,10.323235171261487,215156.59,262754.866
2019-08-02,10.1802074631022,10.1802074631022,9.582856446672237,10.028766360345308,130125.55,155481.468
2019-08-05,9.953045808966861,10.121313700918963,9.591269841269842,9.591269841269842,194325.67,225376.809
2019-08-06,9.498722500696184,9.498722500696184,9.052812587023114,9.179013505987191,225177.05,246867.03
2019-08-07,9.338868003341688,9.995112781954887,9.204253689780005,9.86891186299081,214865.55,246319.051
2019-08-08,10.011939571150098,10.19703425229741,9.986699387357282,10.171794068504594,256907.84,308771.311
2019-08-09,10.255928014480645,10.45784948482317,10.11290030632136,10.348475355054303,299594.51,367045.84
2019-08-12,11.383322890559732,11.383322890559732,10.558810219994431,10.895346003898634,816540.42,1064049.222
2019-08-13,10.85327903091061,11.097267474241159,10.760731690336952,10.954239766081871,411364.12,534389.234
2019-08-14,11.147747841826789,11.164574631021999,10.928999582289055,10.954239766081871,271737.47,356184.592
2019-08-15,10.727078111946533,10.996306739069897,10.659770955165692,10.93741297688666,252785.68,327813.665
2019-08-16,10.996306739069897,11.299188944583682,10.954239766081871,11.105680868838762,446216.27,590199.435
2019-08-19,11.206641604010025,11.206641604010025,10.878519214703426,11.147747841826789,249216.71,328114.887
2019-08-20,11.189814814814815,11.189814814814815,10.861692425508215,10.945826371484266,198673.98,260117.37
2019-08-21,11.055200501253132,11.290775549986076,10.93741297688666,11.156161236424394,269824.45,357385.314
2019-08-22,11.18140142021721,11.26553536619326,10.979479949874687,11.122507658033975,132279.99,174158.412
2019-08-23,11.122507658033975,11.307602339181287,11.046787106655529,11.282362155388471,197538.1,263503.225
2019-08-26,11.11409426343637,11.11409426343637,10.903759398496241,10.996306739069897,165095.71,215658.427
2019-08-27,11.105680868838762,11.408563074352548,11.029960317460317,11.257121971595657,354666.15,474581.623
2019-08-28,11.257121971595657,11.341255917571708,11.11409426343637,11.307602339181287,143041.47,191372.159
2019-08-29,11.299188944583682,11.736685463659148,11.19822820941242,11.61048454469507,250500.81,343675.86
2019-08-30,11.635724728487887,11.728272069061543,11.484283625730994,11.54317738791423,137687.06,189048.187
2019-09-02,11.677791701475913,11.972260512392092,11.484283625730994,11.913366750208855,225450.43,316495.267
2019-09-03,11.930193539404065,12.426583820662767,11.829232804232804,12.275142717905876,229310.76,329275.65
2019-09-04,12.291969507101086,13.495084934558617,12.16576858813701,12.981867864104705,442691.22,675096.999
2019-09-05,12.981867864104705,13.259509885825675,12.662158869395713,12.721052631578946,294077.53,453226.542
2019-09-06,12.830426761347814,13.015521442495126,12.6453320802005,12.998694653299916,210660.41,321822.241
2019-09-09,13.23426970203286,13.503498329156225,12.83884015594542,13.26792328042328,295383.58,462948.144
2019-09-10,13.26792328042328,13.343643831801726,13.015521442495126,13.040761626287942,163715.32,255428.087
2019-09-11,13.192202729044833,13.688593010303537,13.023934837092732,13.553978696741854,279635.61,444332.591
2019-09-12,13.587632275132274,14.00830200501253,13.503498329156225,13.9578216374269,185202.12,303202.762
2019-09-16,14.378491367307156,14.538345864661656,13.209029518240044,13.528738512949039,372477.11,607235.616
2019-09-17,13.394124199387358,13.764313561681982,13.326817042606516,13.562392091339461,259870.55,419236.507
2019-09-18,13.520325118351435,13.688593010303537,13.141722361459204,13.520325118351435,259757.11,415085.17
2019-09-19,13.621285853522696,13.621285853522696,13.28475006961849,13.402537593984961,126334.66,201347.799
2019-09-20,13.528738512949039,13.528738512949039,13.133308966861598,13.276336675020884,261989.71,413277.28
2019-09-23,13.309990253411307,13.309990253411307,12.468650793650793,12.956627680311891,488852.03,745930.036
2019-09-24,13.023934837092732,13.18378933444723,12.83884015594542,12.914560707323865,193759.71,299643.726
2019-09-25,12.90614731272626,13.141722361459204,12.897733918128655,12.956627680311891,157593.81,243646.878
2019-09-26,13.108068783068783,13.108068783068783,12.535957950431635,12.59485171261487,146061.29,220355.562
2019-09-27,12.695812447786132,12.92297410192147,12.611678501810081,12.813599972152604,108561.28,164975.896
2019-09-30,12.87249373433584,12.87249373433584,12.519131161236425,12.56119813422445,137250.71,206092.325
2019-10-08,12.662158869395713,13.015521442495126,12.56119813422445,12.569611528822055,132268.49,200251.032
2019-10-09,12.721052631578946,12.788359788359788,12.409757031467558,12.687399053188527,143566.39,215170.98
2019-10-10,12.88932052353105,13.108068783068783,12.737879420774158,12.805186577554998,184128.01,281625.737
2019-10-11,12.931387496519076,13.091241993873574,12.771532999164577,12.956627680311891,185748.63,285860.352
2019-10-14,13.150135756056809,13.66335282651072,13.124895572263993,13.54556530214425,344578.78,549548.736
2019-10-15,13.419364383180172,13.873687691450847,13.301576858813702,13.730659983291563,314914.62,512037.723
2019-10-16,13.764313561681982,14.10084934558619,13.638112642717907,14.084022556390977,302015.1,497471.151
2019-10-17,13.966235032024507,14.058782372598163,13.537151907546644,13.806380534670009,310512.69,506812.829
2019-10-18,13.90734126984127,13.90734126984127,13.553978696741854,13.755900167084379,165611.71,269081.275
2019-10-21,13.739073377889166,13.915754664438873,13.427777777777779,13.797967140072402,185945.95,302714.231
2019-10-22,13.882101086048454,14.050368978000556,13.722246588693956,14.041955583402952,177612.67,293803.558
2019-10-23,14.075609161793373,14.294357421331105,13.966235032024507,14.25229044834308,229032.8,386230.742
2019-10-24,14.00830200501253,14.084022556390977,13.259509885825675,13.747486772486772,478460.59,774032.843
2019-10-25,13.6296992481203,13.840034113060428,13.276336675020884,13.764313561681982,231027.28,372526.953
2019-10-28,13.697006404901142,13.983061821219717,13.638112642717907,13.92416805903648,155046.47,255646.533
2019-10-29,13.882101086048454,14.067195767195766,13.739073377889166,13.77272695627959,104174.23,171240.422
2019-10-30,13.882101086048454,13.898927875243665,13.570805485937065,13.705419799498745,125403.77,203838.682
2019-10-31,13.789553745474798,13.789553745474798,13.293163464216097,13.553978696741854,195879.55,314414.059
2019-11-01,13.59604566972988,13.59604566972988,13.360470620996937,13.419364383180172,133243.01,213032.604
2019-11-04,13.511911723753828,13.789553745474798,13.486671539961014,13.680179615705933,185544.04,300923.64
2019-11-05,13.654939431913116,13.781140350877193,13.368884015594542,13.495084934558617,147936.99,237817.895
2019-11-06,13.587632275132274,13.621285853522696,12.9734544695071,13.074415204678361,242284.71,379952.144
2019-11-07,13.200616123642439,13.419364383180172,13.108068783068783,13.200616123642439,159664.97,251231.489
2019-11-08,13.301576858813702,13.436191172375384,12.965041074909497,12.9734544695071,158177.24,246834.897
2019-11-11,12.99028125870231,13.007108047897523,12.535957950431635,12.59485171261487,231500.2,350268.087
2019-11-12,12.763119604566972,12.788359788359788,12.460237399053188,12.603265107212476,129081.15,193670.92
2019-11-13,12.603265107212476,12.603265107212476,11.803992620439988,12.031154274575329,379290.97,542638.683
2019-11-14,12.090048036758562,12.519131161236425,12.090048036758562,12.224662350320244,216483.09,315765.759
2019-11-15,12.308796296296297,12.443410609857978,11.787165831244778,11.787165831244778,165705.11,236085.148
2019-11-18,11.871299777220829,12.064807852965748,11.694618490671122,11.913366750208855,220338.61,310591.906
2019-11-19,11.947020328599276,12.106874825953774,11.862886382623225,12.081634642160957,120903.84,172804.84
2019-11-20,12.132115009746588,12.132115009746588,11.736685463659148,11.770339042049569,168412.67,238051.629
2019-11-21,11.85447298802562,11.92178014480646,11.736685463659148,11.778752436647174,103843.68,145714.425
2019-11-22,11.778752436647174,11.879713171818434,11.568417571707045,11.803992620439988,141990.79,197850.674
2019-11-25,11.803992620439988,11.879713171818434,11.492697020328599,11.871299777220829,144751.33,202068.443
2019-11-26,11.930193539404065,12.308796296296297,11.820819409635199,12.258315928710665,293885.68,423167.704
2019-11-27,12.18259537733222,12.342449874686716,12.005914090782511,12.11528822055138,178861.23,258598.28
2019-11-28,12.174181982734614,12.18259537733222,11.93860693400167,11.947020328599276,128860.45,183936.918
2019-11-29,11.879713171818434,12.031154274575329,11.753512252854359,11.803992620439988,123604.33,174224.012
2019-12-02,11.896539961013646,11.989087301587302,11.778752436647174,11.820819409635199,98353.38,138680.592
2019-12-03,11.904953355611251,12.073221247563353,11.719858674463937,12.056394458368143,122278.69,173601.118
2019-12-04,12.047981063770537,12.191008771929825,11.955433723196881,12.148941798941799,104970.72,151147.858
2019-12-05,12.26672932330827,12.350863269284321,12.056394458368143,12.106874825953774,120361.83,174365.308
2019-12-06,12.18259537733222,12.56119813422445,12.132115009746588,12.283556112503481,197059.75,289316.411
2019-12-09,12.359276663881927,12.418170426065164,12.031154274575329,12.18259537733222,138963.02,200639.745
2019-12-10,12.19942216652743,12.19942216652743,11.879713171818434,11.947020328599276,141832.14,201889.416
2019-12-11,11.989087301587302,12.140528404344193,11.871299777220829,11.980673906989697,125477.58,178738.225
2019-12-12,12.014327485380116,12.24990253411306,11.913366750208855,12.157355193539404,215677.77,309465.297
2019-12-13,12.24990253411306,12.620091896407686,12.132115009746588,12.392930242272348,350209.78,518824.703
2019-12-16,12.57802492341966,12.59485171261487,12.418170426065164,12.535957950431635,167668.91,249207.387
2019-12-17,12.586438318017265,12.670572263993318,12.392930242272348,12.620091896407686,126923.02,189245.853
2019-12-18,12.653745474798106,12.695812447786132,12.308796296296297,12.334036480089111,164189.19,243100.073
2019-12-19,12.443410609857978,12.493890977443609,12.19942216652743,12.23307574491785,133213.01,194627.742
2019-12-20,12.283556112503481,12.434997215260372,12.19942216652743,12.376103453077137,127512.97,186516.072
2019-12-23,12.493890977443609,12.493890977443609,12.241489139515457,12.367690058479532,123571.53,181604.967
2019-12-24,12.283556112503481,12.342449874686716,12.140528404344193,12.308796296296297,80883.42,118056.665
2019-12-25,12.24990253411306,12.367690058479532,12.16576858813701,12.359276663881927,67858.43,99068.054
2019-12-26,12.460237399053188,12.636918685602895,12.401343636869953,12.620091896407686,132209.41,197185.608
2019-12-27,12.620091896407686,13.023934837092732,12.54437134502924,12.956627680311891,185601.31,282971.097
2019-12-30,13.082828599275969,13.495084934558617,12.822013366750209,13.444604566972988,250322.56,393410.028
2019-12-31,13.511911723753828,13.604459064327486,13.124895572263993,13.528738512949039,232557.73,368464.424
2020-01-02,13.511632205513784,13.58735119047619,13.385433897243109,13.520045426065163,203056.8,326188.071
2020-01-03,13.494805764411026,13.578937969924812,13.343367794486216,13.553698308270677,144684.9,232122.079
2020-01-06,13.612590852130326,13.780855263157894,13.469566102756893,13.696723057644112,214265.34,347384.683
2020-01-07,13.713549498746868,13.764028822055138,13.553698308270677,13.696723057644112,155358.98,251919.436
2020-01-08,13.713549498746868,13.79768170426065,13.334954573934837,13.368607456140351,237976.87,382342.44
2020-01-09,13.52845864661654,13.696723057644112,13.419086779448621,13.637830513784463,141014.59,228286.9
2020-01-10,13.637830513784463,14.016425438596492,13.570524749373433,13.831334586466166,179086.97,293668.198
2020-01-13,13.957532894736842,14.529631892230576,13.873400689223057,14.5212186716792,316860.61,539492.696
2020-01-14,14.50439223057644,14.72313596491228,14.302474937343359,14.46232612781955,135531.95,232784.778
2020-01-15,14.639003759398495,14.639003759398495,14.344541040100252,14.495979010025064,127122.06,218888.274
2020-01-16,14.588524436090227,14.588524436090227,14.344541040100252,14.5212186716792,128987.79,221976.672
2020-01-17,14.596937656641606,14.941879699248123,14.554871553884713,14.731549185463662,159843.47,280316.002
2020-01-20,15.387780388471178,15.522391917293232,14.470739348370927,14.790441729323307,348365.83,616359.646
2020-01-21,14.790441729323307,15.177449874686717,14.647416979949876,14.89981359649123,198060.58,351653.828
2020-01-22,14.72313596491228,14.941879699248123,14.554871553884713,14.8325078320802,210661.86,369289.969
2020-01-23,14.72313596491228,14.933466478696742,14.125797305764412,14.361367481203008,270358.68,465489.7
2020-02-03,12.922706766917294,12.922706766917294,12.922706766917294,12.922706766917294,98638.0,151507.968
2020-02-04,11.871054197994987,13.124624060150376,11.871054197994987,12.409500313283209,609889.36,903898.334
2020-02-05,12.451566416040102,12.754442355889724,12.367434210526316,12.586177944862156,455241.07,680219.705
2020-02-06,12.712376253132833,12.880640664160401,12.40108709273183,12.788095238095238,376013.01,563571.346
2020-02-07,12.762855576441103,12.796508458646617,12.552525062656642,12.788095238095238,252426.62,379961.581
2020-02-10,13.065731516290727,13.402260338345865,12.754442355889724,13.343367794486216,322211.9,502230.301
2020-02-11,13.452739661654135,14.016425438596492,13.217169486215539,13.772442042606517,321588.03,523110.895
2020-02-12,13.70513627819549,13.873400689223057,13.5452850877193,13.74720238095238,216631.77,352147.32
2020-02-13,13.688309837092731,13.780855263157894,13.503218984962407,13.52845864661654,148251.28,239673.459
2020-02-14,13.713549498746868,13.79768170426065,13.427500000000002,13.553698308270677,205208.16,331629.044
2020-02-17,13.663070175438596,13.79768170426065,13.59576441102757,13.74720238095238,243087.27,395443.287
2020-02-18,13.79768170426065,13.79768170426065,13.578937969924812,13.70513627819549,160356.39,260417.369
2020-02-19,13.70513627819549,13.713549498746868,13.461152882205514,13.578937969924812,184421.71,297559.016
2020-02-20,13.621004072681705,13.663070175438596,13.37702067669173,13.646243734335838,241819.67,388526.824
2020-02-21,13.646243734335838,13.646243734335838,13.427500000000002,13.486392543859651,273209.05,437952.264
2020-02-24,13.520045426065163,13.520045426065163,13.057318295739348,13.225582706766918,307498.59,483862.829
2020-02-25,12.964772869674187,13.149863721804513,12.855401002506266,13.065731516290727,218645.99,338696.858
2020-02-26,12.872227443609024,13.048905075187971,12.703963032581454,12.880640664160401,272432.19,415910.312
2020-02-27,12.914293546365915,13.343367794486216,12.914293546365915,13.082557957393485,252038.73,393369.138
2020-02-28,12.771268796992482,12.914293546365915,12.459979636591479,12.535698621553886,252715.07,380253.23
2020-03-02,12.796508458646617,13.023665413533836,12.661896929824563,12.99001253132832,299800.74,460554.32
2020-03-03,13.082557957393485,13.191929824561404,12.846987781954887,12.897467105263159,225013.6,347091.221
2020-03-04,12.880640664160401,13.015252192982457,12.804921679197996,12.905880325814536,167992.33,257446.081
2020-03-05,13.015252192982457,13.074144736842104,12.813334899749375,12.956359649122808,228489.22,350910.315
2020-03-06,12.779682017543859,12.897467105263159,12.645070488721805,12.687136591478698,298084.9,451455.899
2020-03-09,12.392673872180453,12.426326754385965,11.627070802005013,11.980426065162908,432526.42,622345.573
2020-03-10,11.946773182957394,12.468392857142858,11.786921992481203,12.384260651629074,360218.83,522068.129
2020-03-11,12.409500313283209,12.502045739348372,12.089797932330827,12.098211152882207,256756.63,373356.197
2020-03-12,11.904707080200502,12.03090538847118,11.711203007518797,11.812161654135338,239363.57,336114.969
2020-03-13,10.979252819548874,11.778508771929825,10.962426378446114,11.54293859649123,298590.67,402959.932
2020-03-16,11.677550125313283,11.736442669172932,11.004492481203007,11.038145363408521,301682.46,404971.478
2020-03-17,10.979252819548874,11.298955200501254,10.743682644110276,10.844641290726818,309646.56,402069.91
2020-03-18,11.038145363408521,11.58500469924812,10.886707393483709,10.903533834586467,436391.63,580662.791
2020-03-19,10.920360275689223,11.004492481203007,10.60907111528822,10.861467731829574,404563.61,520118.067
2020-03-20,10.945599937343358,11.038145363408521,10.810988408521304,10.945599937343358,316924.1,410205.939
2020-03-23,10.676376879699248,10.920360275689223,10.541765350877192,10.684790100250627,280388.04,357259.509
2020-03-24,10.836228070175439,10.920360275689223,10.567005012531329,10.710029761904762,282315.63,359757.315
2020-03-25,10.920360275689223,10.920360275689223,10.684790100250627,10.794161967418546,331936.85,425302.782
2020-03-26,10.735269423558897,10.743682644110276,10.558591791979952,10.600657894736843,203621.38,257879.388
2020-03-27,10.701616541353385,10.718442982456141,10.541765350877192,10.600657894736843,164808.32,207646.212
2020-03-30,10.474459586466166,10.550178571428571,10.045385338345865,10.188410087719298,268739.42,326924.86
2020-03-31,10.314608395989975,10.659550438596492,10.272542293233084,10.4996992481203,282301.49,352006.765
2020-04-01,10.432393483709275,10.642723997493736,10.407153822055138,10.466046365914787,167705.77,209446.877
2020-04-02,10.390327380952382,10.836228070175439,10.390327380952382,10.819401629072681,245554.69,310538.048
2020-04-03,10.945599937343358,11.063385025062658,10.710029761904762,10.743682644110276,265216.74,342880.981
2020-04-07,10.87829417293233,10.987666040100251,10.768922305764413,10.861467731829574,301433.5,389157.171
2020-04-08,10.752095864661653,10.752095864661653,10.575418233082708,10.659550438596492,230471.91,291870.849
2020-04-09,10.684790100250627,10.82781484962406,10.550178571428571,10.625897556390978,243637.1,308266.649
2020-04-10,10.575418233082708,10.710029761904762,10.432393483709275,10.693203320802006,175427.32,221098.413
2020-04-13,10.937186716791981,11.32419486215539,10.869880952380953,10.987666040100251,650938.0,852498.148
2020-04-14,11.063385025062658,11.147517230576442,10.82781484962406,11.113864348370928,515025.02,670198.668
2020-04-15,11.139104010025063,11.139104010025063,10.945599937343358,11.004492481203007,389525.25,509712.797
2020-04-16,10.937186716791981,11.635484022556392,10.869880952380953,11.526112155388471,652879.66,873717.146
2020-04-17,11.37467418546366,12.005665726817043,11.36626096491228,11.652310463659148,601302.17,838072.882
2020-04-20,11.770095551378446,11.770095551378446,11.42515350877193,11.685963345864662,354314.58,487452.879
2020-04-21,11.610244360902257,11.610244360902257,11.31578164160401,11.36626096491228,420506.0,572145.654
2020-04-22,11.197996553884712,11.845814536340853,11.197996553884712,11.627070802005013,418885.87,577642.536
2020-04-23,11.728029448621553,11.879467418546366,11.652310463659148,11.770095551378446,445880.68,623465.807
2020-04-24,11.786921992481203,12.199169799498748,11.64389724310777,12.03090538847118,650810.67,923021.65
2020-04-27,11.988839285714286,12.333781328320802,11.955186403508772,12.081384711779448,354875.31,512795.34
2020-04-28,12.064558270676692,12.081384711779448,11.568178258145364,11.887880639097745,355394.14,500296.737
2020-04-29,11.795335213032581,12.014078947368422,11.5934179197995,11.677550125313283,233039.38,325874.245
2020-04-30,11.677550125313283,11.997252506265664,11.635484022556392,11.887880639097745,351786.93,495446.672
2020-05-06,11.879467418546366,12.190756578947369,11.786921992481203,11.963599624060151,371253.36,530995.414
2020-05-07,11.980426065162908,12.014078947368422,11.795335213032581,11.86264097744361,277996.43,391969.563
2020-05-08,11.904707080200502,11.988839285714286,11.837401315789474,11.896293859649123,282930.71,400460.476
2020-05-11,11.896293859649123,12.081384711779448,11.711203007518797,11.921533521303258,318811.06,450369.705
2020-05-12,11.879467418546366,11.879467418546366,11.492459273182957,11.568178258145364,430435.96,594237.951
2020-05-13,11.441979949874687,11.5934179197995,11.298955200501254,11.559765037593985,304862.87,413338.827
2020-05-14,11.416740288220552,11.433566729323308,11.307368421052631,11.32419486215539,218322.0,294517.043
2020-05-15,11.391500626566415,11.433566729323308,11.290541979949875,11.36626096491228,179073.85,241609.093
2020-05-18,11.458806390977443,11.652310463659148,11.357847744360903,11.441979949874687,333166.17,455766.448
2020-05-19,11.54293859649123,11.669136904761904,11.492459273182957,11.53452537593985,242966.43,334065.911
2020-05-20,11.458806390977443,11.509285714285715,11.223236215538847,11.282128759398496,259663.02,349009.51
2020-05-21,11.32419486215539,11.48404605263158,11.240062656641603,11.467219611528822,254282.95,344451.632
2020-05-22,11.42515350877193,11.42515350877193,10.987666040100251,11.088624686716791,237617.83,315640.653
2020-05-25,11.004492481203007,11.088624686716791,10.928773496240602,10.954013157894737,166205.09,217317.384
2020-05-26,11.021318922305765,11.248475877192982,10.987666040100251,11.206409774436091,191299.81,253420.472
2020-05-27,11.172756892230577,11.559765037593985,11.164343671679198,11.458806390977443,201604.91,273524.375
2020-05-28,11.37467418546366,11.627070802005013,11.36626096491228,11.383087406015038,193530.12,263954.739
2020-05-29,11.408327067669173,11.711203007518797,11.391500626566415,11.711203007518797,264196.29,364672.567
2020-06-01,11.778508771929825,11.91312030075188,11.652310463659148,11.719616228070176,375474.68,525515.008
2020-06-02,11.744855889724311,11.980426065162908,11.64389724310777,11.97201284461153,329266.4,464190.089
2020-06-03,12.081384711779448,12.552525062656642,11.997252506265664,12.333781328320802,515240.84,757058.089
2020-06-04,12.308541666666668,12.468392857142858,12.199169799498748,12.34219454887218,218051.36,318867.423
2020-06-05,12.308541666666668,12.375847431077695,12.115037593984963,12.165516917293234,254034.98,368156.755
2020-06-08,12.274888784461153,12.61141760651629,12.274888784461153,12.426326754385965,311377.61,460869.317
2020-06-09,12.586177944862156,12.586177944862156,12.316954887218046,12.392673872180453,241949.56,356830.891
2020-06-10,12.476806077694237,12.493632518796993,12.115037593984963,12.199169799498748,240680.59,349503.836
2020-06-11,12.224409461152883,12.34219454887218,12.07297149122807,12.12345081453634,267473.14,388796.913
2020-06-12,11.845814536340853,11.929946741854637,11.685963345864662,11.80374843358396,436208.77,610556.619
2020-06-15,11.778508771929825,11.845814536340853,11.441979949874687,11.441979949874687,294216.49,405790.1
2020-06-16,11.601831140350876,11.702789786967418,11.526112155388471,11.685963345864662,208141.32,287513.823
2020-06-17,11.685963345864662,11.736442669172932,11.492459273182957,11.677550125313283,197297.1,272173.125
2020-06-18,11.746878654970763,11.928799342105265,11.538969298245615,11.781530214424953,259140.6,351589.258
2020-06-19,11.7901931042885,11.989439571150099,11.781530214424953,11.868159113060429,219747.74,301595.712
2020-06-22,11.859496223196881,11.859496223196881,11.59960952729045,11.660249756335284,299573.08,403851.204
2020-06-23,11.668912646198832,11.720889985380117,11.573620857699806,11.668912646198832,197511.27,265733.004
2020-06-24,11.720889985380117,12.119382919103316,11.694901315789474,11.920136452241717,299437.13,412830.27
2020-06-29,11.807518884015597,11.833507553606239,11.608272417153998,11.67757553606238,263022.68,354544.437
2020-06-30,11.738215765107213,12.188686038011697,11.738215765107213,12.128045808966863,427787.02,593727.197
2020-07-01,12.197348927875245,12.855728557504875,12.110720029239767,12.725785209551658,500588.59,725097.56
2020-07-02,12.751773879142302,12.951020346003899,12.621830531189085,12.821076998050684,443554.75,654709.578
2020-07-03,12.881717227095518,13.228232821637429,12.803751218323587,12.890380116959067,399258.54,598605.401
2020-07-06,12.959683235867448,13.748006213450292,12.959683235867448,13.29753594054581,711908.0,1100040.283
2020-07-07,13.427479288499027,13.670040204678363,13.306198830409357,13.427479288499027,588422.23,915605.75
2020-07-08,13.427479288499027,13.557422636452243,13.254221491228073,13.557422636452243,472509.83,730637.863
2020-07-09,13.470793737816766,13.921264010721249,13.366839059454191,13.851960891812867,558075.17,876036.58
2020-07-10,13.644051535087721,13.739343323586745,13.470793737816766,13.531433966861599,402881.54,632336.773
2020-07-13,13.557422636452243,13.765331993177389,13.514108187134504,13.548759746588695,497435.56,780156.516
2020-07-14,13.522771076998051,13.661377314814816,13.245558601364523,13.358176169590644,407396.73,630176.173
2020-07-15,13.479456627680314,13.765331993177389,13.366839059454191,13.522771076998051,505414.62,792046.95
2020-07-16,13.574748416179338,13.981904239766084,12.959683235867448,13.063637914230021,666169.76,1041739.533
2020-07-17,13.098289473684211,13.765331993177389,13.098289473684211,13.609399975633531,493532.4,771291.994
2020-07-20,13.921264010721249,14.692261208577,13.834635112085772,14.527666301169592,831992.8,1376620.453
2020-07-21,14.579643640350877,14.692261208577,14.345745614035089,14.544992080896687,416635.98,695954.657
2020-07-22,14.553654970760237,15.030113913255363,14.328419834307994,14.865519005847954,549214.93,930264.54
2020-07-23,14.683598318713452,14.83953033625731,14.432374512670567,14.605632309941521,433981.57,732008.489
2020-07-24,14.553654970760237,14.553654970760237,13.618062865497079,13.68736598440546,553051.13,892650.56
2020-07-27,13.72201754385965,14.207139376218324,13.600737085769982,13.791320662768033,339365.52,543906.218
2020-07-28,14.094521807992203,14.163824926900588,13.704691764132555,13.782657772904486,212577.64,340603.001
2020-07-29,13.626725755360626,14.03388157894737,13.600737085769982,14.03388157894737,291130.69,465090.293
2020-07-30,14.03388157894737,14.293768274853802,13.860623781676415,13.981904239766084,237044.61,384637.082
2020-07-31,13.947252680311893,14.415048732943472,13.886612451267059,14.094521807992203,300328.24,489577.406
2020-08-03,14.189813596491229,14.441037402534116,14.03388157894737,14.345745614035089,534264.86,875207.156
2020-08-04,14.389060063352828,15.783785331384015,14.389060063352828,15.679830653021446,1251235.01,2217916.894
2020-08-05,15.688493542884991,17.247813718323588,15.57587597465887,17.247813718323588,1146066.63,2199851.304
2020-08-06,17.594329312865497,18.062125365497078,16.546119639376222,17.230487938596493,928755.03,1852197.583
2020-08-07,17.230487938596493,17.230487938596493,15.948380238791424,16.598096978557507,818110.57,1568321.207
2020-08-10,16.65007431773879,17.152521929824562,16.39885051169591,16.875309454191036,426581.27,827836.853
2020-08-11,16.987927022417153,17.481711744639377,16.754028996101365,16.77135477582846,464192.12,917106.4
2020-08-12,16.641411427875244,16.97926413255361,16.286232943469788,16.51146807992203,482183.0,921067.406
2020-08-13,16.026346247563353,16.459490740740744,15.454595516569203,16.112975146198835,805111.05,1487066.038
2020-08-14,16.268907163742693,16.745366106237817,15.8530884502924,16.32954739278753,488083.98,917496.633
2020-08-17,16.459490740740744,16.78001766569201,16.286232943469788,16.632748538011697,521687.74,999293.594
2020-08-18,16.632748538011697,16.909961013645226,16.407513401559456,16.676062987329438,501410.66,963620.453
2020-08-19,16.754028996101365,17.672295321637428,16.546119639376222,16.93594968323587,711778.51,1406205.355
2020-08-20,16.8146692251462,17.135196150097467,16.36419895224172,16.546119639376222,340235.36,653195.201
2020-08-21,16.62408564814815,16.78001766569201,16.294895833333335,16.459490740740744,264978.77,504688.277
2020-08-24,16.294895833333335,16.806006335282653,16.242918494152047,16.528793859649124,292719.43,560403.434
2020-08-25,16.520130969785576,17.81090155945419,16.46815363060429,17.317116837231968,560291.56,1119302.055
2020-08-26,17.299791057504873,17.53368908382066,16.84932078460039,17.065893031189084,333432.02,659756.772
2020-08-27,17.143859039961015,17.62898087231969,17.04856725146199,17.23915082846004,238965.44,476783.031
2020-08-28,17.334442616959066,17.577003533138402,17.100544590643274,17.49903752436647,264641.89,530962.082
2020-08-31,17.758924220272906,18.755156554580896,17.412408625730997,18.21805738304094,533733.8,1122488.185
2020-09-01,18.157417153996104,18.33067495126706,17.949507797270957,18.16608004385965,256261.91,535360.338
2020-09-02,18.296023391812867,18.746493664717352,18.200731603313844,18.304686281676414,336322.05,714741.773
2020-09-03,18.235383162768034,18.486606968810918,17.53368908382066,17.620317982456143,318286.42,660028.027
2020-09-04,17.32577972709552,17.542351973684212,17.117870370370373,17.412408625730997,214957.29,430186.614
2020-09-07,17.32577972709552,17.3950828460039,16.50280519005848,16.77135477582846,400753.3,783434.138
2020-09-08,16.719377436647175,16.866646564327485,16.416176291423003,16.632748538011697,202491.93,388434.086
2020-09-09,16.19960404483431,16.546119639376222,15.870414230019495,16.19960404483431,302870.17,566783.365
2020-09-10,16.46815363060429,17.221825048732946,16.450827850877193,16.866646564327485,370012.14,720746.383
2020-09-11,17.08321881091618,17.08321881091618,16.485479410331386,16.658737207602343,173573.3,334182.089
2020-09-14,16.840657894736847,17.25647660818714,16.39018762183236,16.47681652046784,248852.86,478100.924
2020-09-15,16.46815363060429,16.944612573099416,16.416176291423003,16.719377436647175,174882.5,336866.128
2020-09-16,16.728040326510722,16.788680555555555,16.485479410331386,16.589434088693956,139597.4,267953.242
2020-09-17,16.693388767056533,17.074555921052635,16.62408564814815,16.78001766569201,192459.03,373980.244
2020-09-18,16.710714546783628,17.62898087231969,16.710714546783628,17.62898087231969,342764.79,686876.774
2020-09-21,17.62898087231969,17.784912889863552,17.43839729532164,17.66363243177388,201413.05,408980.452
2020-09-22,17.43839729532164,17.559677753411307,16.96193835282651,17.135196150097467,227749.49,452550.98
2020-09-23,17.169847709551657,17.29112816764133,16.372861842105262,16.70205165692008,305346.72,587890.142
2020-09-24,16.598096978557507,16.73670321637427,16.16495248538012,16.19960404483431,247205.92,468003.565
2020-09-25,16.286232943469788,16.546119639376222,16.026346247563353,16.138963815789474,184831.9,346167.068
2020-09-28,16.2342556042885,16.676062987329438,16.052334917154,16.16495248538012,197668.88,370892.268
2020-09-29,16.268907163742693,16.459490740740744,16.095649366471736,16.42483918128655,165335.59,310574.881
2020-09-30,16.416176291423003,16.546119639376222,16.052334917154,16.07832358674464,168755.01,316235.993
2020-10-09,16.36419895224172,16.598096978557507,16.12163803606238,16.528793859649124,234878.38,444986.201
2020-10-12,16.641411427875244,17.455723075048734,16.632748538011697,17.29112816764133,281760.16,557605.023
2020-10-13,17.169847709551657,18.157417153996104,17.08321881091618,18.05346247563353,307583.93,629426.56
2020-10-14,18.05346247563353,18.304686281676414,17.85421600877193,18.27869761208577,199881.68,418040.248
2020-10-15,18.27869761208577,18.39997807017544,17.75026133040936,17.77625,207395.21,430016.548
2020-10-16,17.845553118908384,17.932182017543862,17.568340643274855,17.594329312865497,166612.18,340391.881
2020-10-19,17.819564449317742,18.270034722222224,17.577003533138402,17.602992202729048,218315.96,448530.478
2020-10-20,17.490374634502928,17.880204678362574,17.369094176413256,17.758924220272906,138243.22,281113.591
2020-10-21,17.585666423001953,17.715609770955165,17.377757066276803,17.386419956140355,152578.95,308567.296
2020-10-22,17.377757066276803,17.46438596491228,16.632748538011697,16.875309454191036,247456.47,481526.152
2020-10-23,16.944612573099416,17.195836379142303,16.70205165692008,16.92728679337232,176577.32,345934.639
2020-10-26,16.728040326510722,17.135196150097467,16.32954739278753,16.97926413255361,183981.46,356181.882
2020-10-27,17.005252802144252,17.109207480506825,16.416176291423003,16.641411427875244,297688.53,571255.034
2020-10-28,16.77135477582846,17.654969541910333,16.70205165692008,17.654969541910333,391168.58,778320.506
2020-10-29,17.49903752436647,17.715609770955165,17.135196150097467,17.25647660818714,321026.33,643314.421
2020-10-30,17.490374634502928,17.53368908382066,16.658737207602343,16.719377436647175,288903.45,565199.34
2020-11-02,16.719377436647175,17.230487938596493,16.57210830896686,17.04856725146199,253545.01,497952.454
2020-11-03,17.282465277777778,17.958170687134505,17.05723014132554,17.88886756822612,397663.09,809816.793
2020-11-04,17.932182017543862,18.148754264132556,17.758924220272906,18.05346247563353,290844.09,603772.712
2020-11-05,18.27869761208577,18.408640960038987,17.94084490740741,18.148754264132556,384464.46,804575.244
2020-11-06,18.226720272904483,18.581898757309943,17.932182017543862,18.270034722222224,396138.16,832038.087
2020-11-09,18.616550316764133,19.90732090643275,18.5559100877193,19.777377558479532,662786.7,1487069.47
2020-11-10,19.79470333820663,20.227847831384018,19.708074439571153,19.924646686159846,450775.85,1036581.749
2020-11-11,19.959298245614036,21.050822368421056,19.959298245614036,20.314476730019493,567661.85,1347937.085
2020-11-12,20.444420077972712,20.8775645711501,20.167207602339186,20.79093567251462,393224.7,936246.306
2020-11-13,20.37511695906433,20.773609892787526,19.993949805068226,20.314476730019493,378592.11,888999.543
2020-11-16,20.56570053606238,21.71786488791423,20.557037646198832,21.64856176900585,560539.86,1367422.979
2020-11-17,21.483966861598443,22.47153630604289,21.120125487329435,21.527281310916184,447376.3,1117806.169
2020-11-18,21.665887548732947,22.566828094541915,21.406000852826512,21.88245979532164,421466.85,1071613.571
2020-11-19,21.665887548732947,21.80449378654971,20.834250121832362,21.397337962962965,418460.3,1030766.099
2020-11-20,21.535944200779728,21.865134015594542,21.26739461500975,21.743853557504877,259723.01,647991.284
2020-11-23,21.96042580409357,22.610142543859652,21.778505116959067,21.95176291423002,412367.55,1061125.323
2020-11-24,21.839145346003903,23.329162402534116,21.769842227095516,22.982646807992207,420409.74,1102420.236
2020-11-25,23.259859283625733,23.909576023391818,22.176998050682265,22.176998050682265,532763.63,1415162.699
2020-11-26,22.19432383040936,22.78340034113061,21.6572246588694,22.4195589668616,380623.0,977099.007
2020-11-27,22.29827850877193,22.740085891812868,22.090369152046787,22.462873416179338,301623.1,779386.764
2020-11-30,22.662119883040937,23.641026437621832,22.480199195906433,22.601479653996105,461157.92,1223487.704
2020-12-01,22.454210526315794,22.896017909356726,22.246301169590645,22.480199195906433,252731.23,655811.488
2020-12-02,22.722760112085773,22.774737451267058,21.873796905458093,22.099032041910334,365759.51,934898.733
2020-12-03,22.289615618908385,22.350255847953218,21.483966861598443,21.761179337231972,329714.0,827752.549
2020-12-04,21.856471125730998,22.30694139863548,21.60524731968811,22.254964059454196,234891.65,596354.71
2020-12-07,22.29827850877193,22.566828094541915,21.96042580409357,22.26362694931774,199066.57,511474.694
2020-12-08,22.02972892300195,22.402233187134506,21.64856176900585,21.795830896686162,229654.38,581016.208
2020-12-09,21.69187621832359,21.873796905458093,21.076811038011698,21.13745126705653,302674.54,745451.92
2020-12-10,20.99018213937622,21.449315302144253,20.738958333333336,21.258731725146202,195719.29,477944.809
2020-12-11,21.553269980506823,22.090369152046787,21.198091496101366,21.440652412280706,277435.35,690673.695
2020-12-14,21.23274305555556,21.847808235867447,20.79093567251462,21.54460709064328,287140.89,705255.385
2020-12-15,21.587921539961016,21.61391020955166,20.799598562378172,21.397337962962965,314542.67,768122.873
2020-12-16,21.388675073099417,22.038391812865502,21.29338328460039,21.856471125730998,298587.26,748533.243
2020-12-17,22.012403143274856,22.324267178362575,21.57925865009747,21.743853557504877,213595.54,537164.384
2020-12-18,21.769842227095516,22.436884746588696,21.700539108187137,22.176998050682265,341813.44,871416.769
2020-12-21,22.176998050682265,22.185660940545812,21.509955531189085,21.891122685185188,383929.24,968798.982
2020-12-22,21.64856176900585,22.50618786549708,21.570595760233918,21.57925865009747,384294.95,975570.605
2020-12-23,21.561932870370374,22.4195589668616,21.13745126705653,22.37624451754386,440258.29,1110170.102
2020-12-24,22.37624451754386,24.15213693957115,22.22897538986355,24.11748538011696,422756.21,1145436.858
2020-12-25,24.12614826998051,24.602607212475636,23.30317373294347,24.42934941520468,320665.63,888150.676
2020-12-28,24.377372076023395,25.105054824561407,24.1607998294347,24.70656189083821,389506.55,1105593.177
2020-12-29,24.299406067251464,24.689236111111114,24.178125609161796,24.489989644249516,249460.56,702195.348
2020-12-30,24.689236111111114,24.862493908382067,23.996204922027292,24.489989644249516,253733.66,712823.643
2020-12-31,24.489989644249516,24.66324744152047,23.71032955653022,24.23010294834308,271347.44,754838.563
2021-01-04,23.978879142300197,24.862493908382067,23.54573464912281,24.645921661793373,452993.79,1265891.996
2021-01-05,24.992437256335286,27.114845272904486,24.862493908382067,27.114845272904486,554027.37,1682545.568
2021-01-06,27.340080409356727,28.37096430311891,27.166822612085774,27.885842470760235,462403.59,1488141.726
2021-01-07,28.787650549986076,29.350755360623786,28.15524053188527,28.597061229462543,458051.65,1515538.916
2021-01-08,28.605724380395436,29.194818643831805,27.462188457254246,28.042619569757726,376001.38,1213532.093
2021-01-11,28.55374547479811,30.217070453912562,28.493103418267893,28.7010190406572,436592.85,1468668.12
2021-01-12,28.752997946254524,30.511617585630745,28.484440267335007,30.3296914160401,319729.09,1104812.933
2021-01-13,30.41632292536898,31.533869395711502,29.359418511556672,30.269049359509886,433913.18,1524248.339
2021-01-14,29.79257605820106,31.092048698134228,29.454713171818437,29.818565510999726,315563.13,1101873.244
2021-01-15,29.030218776106935,30.840817321080483,28.484440267335007,30.754185811751604,377881.31,1294246.576
2021-01-18,30.754185811751604,33.82960439292676,29.853218114731273,33.82960439292676,427344.13,1586644.334
2021-01-19,33.448425751879704,34.462014411027575,32.486815998329156,33.10189971456419,398717.15,1539918.367
2021-01-20,32.83334203564467,33.942225355054305,32.486815998329156,33.65634137426901,241138.91,926916.88
2021-01-21,33.39644684628237,36.159991993873575,33.35313109161793,35.83079225842384,364284.13,1471335.715
2021-01-22,35.30234005151768,37.823316972988025,35.2936769005848,37.45080148287385,326571.21,1373142.462
2021-01-25,38.117864104706214,38.76760042467279,36.47186542745754,36.81839146477304,418825.68,1812335.487
2021-01-26,36.385233918128655,36.69710735171262,34.583298524088,35.77881335282651,348914.33,1434149.443
2021-01-27,35.48426622110833,36.78373886104149,34.27142509050404,36.47186542745754,385437.51,1580093.781
2021-01-28,35.53624512670566,35.53624512670566,32.82467888471178,32.963289299637985,624502.81,2426891.181
2021-01-29,32.963289299637985,34.583298524088,32.33954243247006,33.439762600946814,625674.92,2435383.693
2021-02-01,33.0239313561682,36.28127610693401,32.64275271512114,35.2936769005848,563461.01,2273669.967
2021-02-02,35.83079225842384,36.81839146477304,34.0894989209134,36.29860240879978,544098.5,2228691.522
2021-02-03,36.03004472988026,38.1265272556391,35.67485554163186,37.25154901141743,465777.94,1995140.028
2021-02-04,36.9916544834308,39.18343166945141,35.891434314954054,36.939675577833476,419754.09,1821775.15
2021-02-05,37.25154901141743,37.684706558061826,33.249173280423285,33.36179424255082,642609.53,2593125.011
2021-02-08,33.13655231829574,36.03870788081315,32.79002628098023,35.06843497632971,539370.54,2173075.936
2021-02-09,36.46320227652465,38.577011104149264,36.46320227652465,38.577011104149264,707365.25,3113807.975
2021-02-10,38.594337406015036,40.508893762183234,37.88395902951824,39.9717784043442,694817.61,3128245.115
2021-02-18,42.4494395711501,43.14249164578112,38.98417919799499,40.370283347257036,663839.07,3144183.074
2021-02-19,39.850494291283766,40.71680938457254,36.97432818156503,38.143853557504876,575044.9,2554981.149
2021-02-22,38.72428467000836,39.356694688109165,37.38149627541075,38.47305329295461,599663.07,2661634.112
2021-02-23,38.117864104706214,38.24781136869953,35.51891882483988,36.367907616262876,523394.17,2222776.146
2021-02-24,36.54117063492064,36.72309680451128,32.99794190336954,33.41377314814815,726379.61,2882950.352
2021-02-25,34.41869865636313,34.82586675020886,32.712057922584236,33.09323656363131,456021.3,1775172.553
2021-02-26,31.88039543302701,32.38285818713451,30.598249094959623,31.308627471456422,610789.18,2212330.254
2021-03-01,32.07098475355055,33.09323656363131,31.403922131718186,32.07098475355055,516999.22,1922482.18
2021-03-02,32.40018448900028,32.64275271512114,31.066059245335563,31.6031746031746,414346.36,1516719.085
2021-03-03,31.96702694235589,32.226921470342525,31.170017056530213,32.010342697020334,364800.86,1338532.627
2021-03-04,32.19226886661097,32.729384224450015,30.321028265107213,31.092048698134228,518631.31,1864125.205
2021-03-05,30.494291283764973,31.93237433862434,30.078460038986353,31.317290622389308,461843.01,1652529.096
2021-03-08,31.793763923698137,32.05365845168477,29.75792345446951,29.809902360066832,629596.64,2234135.658
2021-03-09,29.627976190476193,29.809902360066832,28.05128272069062,28.32850355054303,545551.92,1809904.65
2021-03-10,29.064871379838483,29.151502889167364,28.224545739348372,28.588398078529657,376526.24,1244539.143
2021-03-11,28.62305068226121,29.86188126566416,28.337166701475915,29.731934001670844,393807.86,1335195.264
2021-03-12,30.191081001113897,31.62050090504038,29.82722866193261,31.55119569757728,449275.91,1595823.477
2021-03-15,31.351943226120856,31.36060637705375,28.917597813979395,29.39407111528822,364600.96,1256158.206
2021-03-16,29.541344681147315,30.312365114174327,29.385407964355334,29.905197020328604,184643.47,635657.756
2021-03-17,29.627976190476193,30.754185811751604,29.376744813422444,30.130438944583684,175308.61,614012.263
2021-03-18,30.321028265107213,31.793763923698137,30.24305990671122,31.325953773322194,303049.13,1091057.451
2021-03-19,30.312365114174327,30.468301830966308,28.882945210247847,29.350755360623786,428553.53,1461599.149
2021-03-22,29.342092209690893,29.342092209690893,26.413947194374824,26.422610345307714,828466.26,2591769.554
2021-03-23,26.422610345307714,26.422610345307714,24.75928536619326,25.140464007240325,614631.59,1800844.269
2021-03-24,24.863243177387915,24.863243177387915,23.217244500139238,23.338528613199667,572671.14,1573332.187
2021-03-25,23.745696707045393,25.12313770537455,23.381844367864105,25.105811403508774,457258.51,1286711.482
2021-03-26,24.75928536619326,24.932548384851017,23.927622876636036,24.698643309663048,451105.31,1272713.888
2021-03-29,24.819927422723474,25.50431634642161,24.49939083820663,24.715969611528823,370247.83,1068539.686
2021-03-30,24.508053989139515,26.665178571428573,24.41275932887775,26.162715817321082,487549.36,1454590.898
2021-03-31,26.223357873851295,26.266673628515736,24.88056947925369,25.409021686159843,372653.98,1089194.01
2021-04-01,25.140464007240325,26.171378968253972,24.949874686716793,25.902821289334447,213650.56,632371.874
2021-04-02,25.989452798663326,26.258010477582847,25.348379629629633,25.72955827067669,245050.72,729284.894
2021-04-06,26.396620892509052,27.02903091060986,25.512979497354497,25.928810742133113,361973.25,1089351.181
2021-04-07,26.145389515455307,26.19736842105263,24.689980158730158,25.23575866750209,387632.13,1123515.749
2021-04-08,25.38303223336118,26.21469472291841,24.949874686716793,25.954800194931774,391743.13,1164877.722
2021-04-09,25.954800194931774,26.050094855193542,24.88923263018658,25.166453460038987,283057.71,826625.723
2021-04-12,25.166453460038987,25.486990044555835,24.25682261208577,24.863243177387915,376787.59,1073889.821
2021-04-13,24.837253724589253,25.686242516012253,24.689980158730158,25.14912715817321,290116.17,846391.361
2021-04-14,25.253084969367865,26.05875800612643,25.253084969367865,25.46966374269006,244398.44,724850.758
2021-04-15,25.868168685602896,25.868168685602896,24.88056947925369,25.746884572542466,225539.32,660045.849
2021-04-16,25.746884572542466,25.833516081871345,24.698643309663048,25.287737573099417,326112.81,945752.683
2021-04-19,25.11447455444166,26.67384172236146,24.85458002645503,26.09341060985798,456929.82,1374369.562
2021-04-20,26.12806321358953,26.95106255221387,25.998115949596215,26.44859979810638,324368.92,993360.322
2021-04-21,26.12806321358953,26.422610345307714,25.790200327206907,26.20603157198552,230619.17,696275.9
2021-04-22,26.51790500556948,26.587210213032584,25.31372702589808,25.954800194931774,349144.99,1040693.175
2021-04-23,25.902821289334447,27.271599136730718,25.816189780005573,26.97705200501253,369851.85,1138811.991
2021-04-26,27.055020363408524,28.2072194374826,27.055020363408524,27.19363077833473,425274.54,1359589.962
2021-04-27,27.106999269005847,27.176304476468953,26.457262949039265,26.86443104288499,218284.82,675253.803
2021-04-28,26.899083646616543,27.132988721804512,26.44859979810638,27.06368351434141,179774.7,557639.796
2021-04-29,27.037694061542748,27.037694061542748,26.12806321358953,26.56122076023392,254990.41,779604.827
2021-04-30,26.292663081314398,26.465926099972155,25.677579365079367,25.686242516012253,377594.03,1129056.944
2021-05-06,25.608274157616265,26.379294590643276,25.49565319548872,26.11940006265664,331315.55,996354.415
2021-05-07,26.47458925090504,27.08100981620719,26.162715817321082,26.422610345307714,378996.59,1167312.079
2021-05-10,26.80378898635478,26.82977843915344,25.140464007240325,25.253084969367865,354871.15,1056337.889
2021-05-11,25.027843045112782,25.027843045112782,23.64173889585074,24.040243838763576,381177.53,1060959.429
2021-05-12,24.040243838763576,24.42142247981064,23.927622876636036,24.334790970481762,201021.99,562048.8
2021-05-13,23.988264933166253,24.057570140629352,23.338528613199667,23.737033556112504,316645.47,863679.899
2021-05-14,23.866980820105823,24.031580687830687,23.390507518796994,23.970938631300477,237472.22,652777.79
2021-05-17,24.14420164995823,25.088485101643,23.99692808409914,24.96720098858257,297307.41,848615.925
2021-05-18,25.019179894179896,25.59961100668338,24.672653856864386,25.331053327763854,205319.91,597414.661
2021-05-19,25.12313770537455,25.227095516569204,24.785274818991926,24.863243177387915,132945.98,382955.386
2021-05-20,24.750622215260375,24.77661166805904,23.953612329434698,24.395433027011975,229200.83,642368.727
2021-05-21,24.629338102199945,24.84591687552214,24.083559593428017,24.196180555555557,193938.29,544283.875
2021-05-24,24.196180555555557,24.222170008354222,23.76302300891117,24.14420164995823,190827.62,526809.09
2021-05-25,24.25682261208577,25.38303223336118,24.126875348092454,25.331053327763854,328935.56,944096.136
2021-05-26,25.426347988025622,26.171378968253972,25.409021686159843,25.980789647730436,321544.33,959758.916
2021-05-27,25.84217923280423,25.937473893066002,24.811264271790588,25.31372702589808,377739.25,1106426.229
2021-05-28,25.339716478696744,25.790200327206907,24.75928536619326,25.053832497911447,288808.44,839764.594
2021-05-31,25.21328581871345,25.21328581871345,23.94950657894737,24.22540204678363,470038.26,1285639.434
2021-06-01,24.2343019005848,26.521564327485383,24.03850511695907,26.254568713450293,678092.69,1922557.697
2021-06-02,26.227869152046786,26.922057748538016,25.4624817251462,26.441465643274856,632470.85,1864011.051
2021-06-03,26.174470029239767,26.34356725146199,24.705994152046788,24.741593567251464,610655.23,1743223.42
2021-06-04,24.48349780701755,25.08868786549708,24.261001461988307,24.875091374269008,293274.18,813984.098
2021-06-07,24.821692251461993,25.186586257309944,24.48349780701755,24.777192982456143,199098.93,554103.891
2021-06-08,24.830592105263158,24.990789473684213,24.20760233918129,24.358899853801173,279798.5,769764.298
2021-06-09,24.358899853801173,25.070888157894743,23.9406067251462,24.65259502923977,333455.52,918436.26
2021-06-10,24.545796783625732,24.86619152046784,24.16310307017544,24.2343019005848,350531.66,960810.828
2021-06-11,24.252101608187136,24.358899853801173,22.516630116959067,22.881524122807022,846212.09,2190162.966
2021-06-15,22.70352704678363,22.739126461988306,21.715643274853804,22.089437134502926,521504.53,1293890.262
2021-06-16,22.071637426900587,22.44543128654971,21.77794225146199,21.786842105263162,280426.78,694920.596
2021-06-17,21.79574195906433,21.893640350877195,21.13715277777778,21.297350146198834,301936.9,728193.422
2021-06-18,21.16385233918129,21.404148391812868,20.49636330409357,20.727759502923977,517688.47,1211850.43
2021-06-21,20.64766081871345,20.959155701754387,20.353965643274858,20.603161549707604,377740.63,874487.783
2021-06-22,20.701059941520473,21.226151315789476,20.6921600877193,20.976955409356727,432219.49,1018615.215
2021-06-23,21.16385233918129,21.475347222222222,20.852357456140354,20.959155701754387,356745.77,846830.202
2021-06-24,20.90575657894737,21.226151315789476,20.73665935672515,20.94135599415205,420244.44,989711.737
2021-06-25,21.537646198830412,23.032821637426903,21.49314692982456,23.032821637426903,709672.37,1803891.82
2021-06-28,23.833808479532166,23.833808479532166,22.40983187134503,22.934923245614037,814454.38,2102097.095
2021-06-29,22.961622807017548,24.091904239766084,22.801425438596496,23.397715643274857,659816.58,1748469.022
2021-06-30,23.49561403508772,23.65581140350877,23.050621345029242,23.353216374269007,302301.94,791031.247
2021-07-01,23.76260964912281,24.074104532163744,23.13961988304094,23.37101608187135,421336.99,1119263.809
2021-07-02,23.130720029239768,23.27311769005848,22.44543128654971,22.587828947368422,401690.71,1024121.835
2021-07-05,22.65012792397661,22.952722953216377,21.97373903508772,22.774725877192985,419515.16,1057481.065
2021-07-06,22.87262426900585,24.38559941520468,22.87262426900585,24.029605263157897,777969.95,2079158.509
2021-07-07,23.54901315789474,23.727010233918133,22.961622807017548,23.52231359649123,635921.98,1668455.183
2021-07-08,23.006122076023395,23.451114766081876,22.70352704678363,22.801425438596496,426630.86,1103704.827
2021-07-09,22.561129385964914,22.561129385964914,21.77794225146199,22.169535818713452,557030.18,1383949.285
2021-07-12,22.320833333333333,23.38881578947369,22.24963450292398,23.032821637426903,672081.3,1734282.238
2021-07-13,23.041721491228074,23.246418128654973,22.552229532163746,22.801425438596496,333802.05,855239.318
2021-07-14,22.739126461988306,24.100804093567252,22.543329678362575,23.842708333333334,831846.29,2198949.827
2021-07-15,24.928490497076027,26.227869152046786,24.928490497076027,25.21328581871345,1595875.4,4600136.925
2021-07-16,25.765076754385966,25.987573099415208,24.670394736842105,24.732693713450296,842098.63,2388278.406
2021-07-19,24.65259502923977,25.133187134502926,24.100804093567252,24.20760233918129,638261.44,1751351.307
2021-07-20,23.602412280701756,23.65581140350877,22.765826023391813,23.27311769005848,756765.32,1963990.556
2021-07-21,23.37101608187135,24.18980263157895,23.015021929824563,23.90500730994152,589911.0,1566048.569
2021-07-22,24.430098684210527,26.299067982456144,24.430098684210527,26.281268274853804,1605905.12,4632564.552
2021-07-23,26.307967836257312,27.322551169590646,25.640478801169593,25.791776315789477,1015287.09,3026558.703
2021-07-26,25.782876461988305,26.254568713450293,24.928490497076027,25.613779239766085,797994.3,2291973.288
2021-07-27,26.192269736842107,26.877558479532166,25.542580409356727,25.631578947368425,877663.66,2586894.489
2021-07-28,25.28448464912281,25.453581871345033,24.18090277777778,24.81279239766082,600793.88,1675148.651
2021-07-29,25.337883771929825,27.082255116959068,25.097587719298247,26.752960526315793,851588.9,2508478.225
2021-07-30,26.868658625730998,27.117854532163744,25.773976608187137,25.97867324561404,588574.2,1735361.709
2021-08-02,25.97867324561404,28.3015350877193,25.70277777777778,28.3015350877193,860628.68,2650202.36
2021-08-03,27.634046052631582,29.743311403508777,27.50944809941521,28.969024122807017,845381.14,2724919.541
2021-08-04,28.56853070175439,29.28941885964912,28.12353801169591,29.01352339181287,590284.59,1903852.192
2021-08-05,28.5952302631579,28.613029970760234,26.97545687134503,27.126754385964915,979129.27,3032796.154
2021-08-06,27.126754385964915,27.812043128654974,26.14777046783626,27.723044590643276,693501.14,2083161.412
2021-08-09,27.21575292397661,28.7109283625731,27.037755847953218,27.74084429824562,645161.61,2037108.322
2021-08-10,27.322551169590646,27.705244883040937,27.06445540935673,27.634046052631582,367906.7,1131611.601
2021-08-11,27.589546783625735,27.998940058479537,26.566063596491233,26.904258040935677,598534.24,1823195.214
2021-08-12,26.637262426900588,27.144554093567255,26.40586622807018,26.708461257309946,354820.24,1067135.922
2021-08-13,26.717361111111114,27.990040204678365,26.717361111111114,27.545047514619885,579378.84,1791921.907
2021-08-16,27.500548245614038,28.604130116959066,27.304751461988307,27.90994152046784,465054.78,1460097.736
2021-08-17,27.945540935672515,28.168037280701757,27.21575292397661,27.233552631578952,514860.68,1598267.632
2021-08-18,27.171253654970766,27.945540935672515,26.966557017543863,27.545047514619885,378285.43,1166505.349
2021-08-19,27.144554093567255,27.331451023391818,25.382383040935675,25.53368055555556,774617.26,2258486.333
2021-08-20,25.124287280701758,25.124287280701758,24.029605263157897,24.447898391812867,667377.37,1831706.25
2021-08-23,24.474597953216378,24.85729166666667,24.03850511695907,24.723793859649128,387260.22,1067898.936
2021-08-24,24.99968932748538,25.168786549707605,24.545796783625732,24.88399122807018,393314.31,1097771.04
2021-08-25,24.88399122807018,24.90179093567252,24.05630482456141,24.243201754385964,487318.76,1327326.618
2021-08-26,24.145303362573102,24.670394736842105,23.80710891812866,24.083004385964912,372346.93,1014548.399
2021-08-27,24.029605263157897,24.22540204678363,23.71811038011696,24.109703947368423,298131.38,803631.653
2021-08-30,24.261001461988307,24.99968932748538,23.629111842105267,24.011805555555558,504486.38,1376990.325
2021-08-31,23.798209064327487,23.851608187134506,23.13961988304094,23.317616959064328,487241.51,1278097.269
2021-09-01,23.406615497076025,24.029605263157897,23.290917397660824,23.931706871345032,488433.69,1300585.811
2021-09-02,23.931706871345032,25.222185672514623,23.513413742690062,24.928490497076027,743967.1,2042688.541
2021-09-03,24.830592105263158,25.06198830409357,24.145303362573102,24.296600877192986,478500.83,1317140.008
2021-09-06,24.305500730994154,24.527997076023393,23.860508040935674,24.20760233918129,367055.25,995900.472
2021-09-07,24.40339912280702,25.008589181286553,24.05630482456141,24.794992690058482,534584.96,1481279.482
2021-09-08,24.58139619883041,25.604879385964914,24.519097222222225,25.06198830409357,512530.29,1451394.111
2021-09-09,24.928490497076027,26.005372807017544,24.85729166666667,25.640478801169593,603459.91,1736338.935
2021-09-10,25.649378654970764,26.09437134502924,25.097587719298247,25.622679093567253,498873.3,1428000.285
2021-09-13,25.4624817251462,26.877558479532166,25.231085526315795,26.841959064327487,752270.74,2213389.532
2021-09-14,26.82415935672515,27.67854532163743,26.058771929824566,26.7796600877193,764112.03,2308120.157
2021-09-15,26.690661549707603,27.545047514619885,26.316867690058483,27.144554093567255,559906.28,1700116.698
2021-09-16,27.411549707602344,28.283735380116962,27.091154970760236,27.100054824561404,611550.46,1901899.505
2021-09-17,26.859758771929826,27.278051900584796,25.328983918128657,25.827375730994156,565650.02,1656826.32
2021-09-22,25.106487573099418,25.391282894736847,24.8483918128655,25.186586257309944,296433.98,836018.681
2021-09-23,25.43578216374269,25.765076754385966,25.008589181286553,25.06198830409357,283136.09,803621.629
2021-09-24,25.124287280701758,25.355683479532164,23.869407894736845,23.896107456140356,472554.96,1292510.957
2021-09-27,23.9406067251462,24.136403508771934,23.25531798245614,23.629111842105267,363115.01,965346.655
2021-09-28,23.5312134502924,23.869407894736845,23.379915935672518,23.59351242690059,216671.91,575905.57
2021-09-29,23.228618421052634,23.37101608187135,22.14283625730994,22.303033625730997,450736.64,1148611.68
2021-09-30,22.24963450292398,23.34431652046784,22.169535818713452,23.175219298245615,304695.61,786245.77
2021-10-08,23.566812865497077,23.851608187134506,23.353216374269007,23.54011330409357,213528.18,565800.146
2021-10-11,23.71811038011696,24.011805555555558,23.27311769005848,23.433315058479533,230047.6,611730.892
2021-10-12,23.406615497076025,23.566812865497077,22.587828947368422,22.89042397660819,253094.76,650726.674
2021-10-13,22.89042397660819,23.050621345029242,22.45433114035088,22.952722953216377,169053.97,433031.5
2021-10-14,22.979422514619884,23.041721491228074,22.7124269005848,22.899323830409358,114888.66,294959.825
2021-10-15,22.899323830409358,22.899323830409358,22.383132309941523,22.48103070175439,220098.31,556320.121
2021-10-18,22.525529970760235,22.810325292397664,22.16063596491228,22.561129385964914,242602.13,611200.833
2021-10-19,22.596728801169593,22.801425438596496,22.303033625730997,22.40983187134503,323400.18,815133.988
2021-10-20,22.347532894736844,22.356432748538015,21.76014254385965,21.84914108187135,400285.49,988271.886
2021-10-21,21.840241228070177,22.338633040935676,21.81354166666667,22.16063596491228,254436.36,632224.092
2021-10-22,22.00043859649123,22.196235380116963,21.72454312865497,21.77794225146199,214262.47,527358.406
2021-10-25,21.715643274853804,21.74234283625731,21.31514985380117,21.72454312865497,265904.71,643625.639
2021-10-26,21.733442982456143,22.570029239766082,21.733442982456143,21.875840643274856,387357.12,963346.903
2021-10-27,21.84914108187135,22.107236842105266,21.35964912280702,21.386348684210528,256843.48,622181.678
2021-10-28,21.14605263157895,21.14605263157895,19.250383771929826,19.490679824561404,865490.1,1916579.572
2021-10-29,19.490679824561404,19.971271929824564,18.876589912280703,19.61527777777778,473755.38,1034219.783
2021-11-01,19.57077850877193,20.024671052631582,19.357182017543863,19.68647660818714,293699.46,651510.864
2021-11-02,19.722076023391814,19.775475146198833,18.876589912280703,19.13468567251462,358431.39,775077.958
2021-11-03,19.13468567251462,19.268183479532166,18.823190789473685,19.036787280701756,232571.26,497300.517
2021-11-04,18.95668859649123,19.250383771929826,18.832090643274856,18.88548976608187,225224.69,478838.206
2021-11-05,18.74309210526316,18.823190789473685,18.200201023391813,18.244700292397663,435627.6,903847.11
2021-11-08,18.698592836257312,19.010087719298248,18.698592836257312,18.88548976608187,348113.17,737054.066
2021-11-09,18.894389619883043,19.12578581871345,18.698592836257312,18.805391081871345,243884.4,516160.289
2021-11-10,18.840990497076028,18.840990497076028,18.28029970760234,18.645193713450293,267567.95,555744.135
2021-11-11,18.493896198830413,19.13468567251462,18.467196637426902,19.045687134502923,301967.16,642844.748
2021-11-12,19.11688596491228,19.3749817251462,18.921089181286554,19.232584064327487,292723.22,630427.915
2021-11-15,19.330482456140352,19.43728070175439,18.778691520467838,18.849890350877196,314639.01,670694.875
2021-11-16,18.938888888888894,19.090186403508774,18.72529239766082,18.76979166666667,193069.92,409626.304
2021-11-17,18.671893274853804,19.241483918128658,18.600694444444446,19.12578581871345,263360.89,561625.161
2021-11-18,19.11688596491228,19.205884502923976,18.823190789473685,18.88548976608187,194657.57,415196.321
2021-11-19,18.95668859649123,19.34828216374269,18.76979166666667,19.330482456140352,281960.36,606324.558
2021-11-22,19.40168128654971,19.900073099415206,19.321582602339184,19.659777046783628,349338.01,773386.988
2021-11-23,19.5796783625731,20.11366959064328,19.455080409356725,19.722076023391814,306704.87,683330.219
2021-11-24,19.757675438596493,19.80217470760234,19.455080409356725,19.481779970760236,183436.65,403272.807
2021-11-25,19.481779970760236,19.544078947368423,19.259283625730998,19.36608187134503,214298.08,465901.557
2021-11-26,19.357182017543863,19.428380847953218,18.983388157894737,19.161385233918132,218404.42,470773.191
2021-11-29,18.7608918128655,19.036787280701756,18.413797514619887,18.814290935672517,217429.72,459556.049
2021-11-30,18.965588450292397,19.490679824561404,18.73419225146199,18.787591374269006,272082.57,581749.176
2021-12-01,18.74309210526316,19.090186403508774,18.73419225146199,18.965588450292397,228590.99,485147.29
2021-12-02,18.95668859649123,19.205884502923976,18.823190789473685,18.983388157894737,274242.59,584924.776
2021-12-03,19.027887426900588,19.036787280701756,18.609594298245614,18.876589912280703,288493.49,608607.42
2021-12-06,18.876589912280703,19.43728070175439,18.867690058479532,19.010087719298248,447001.4,962496.501
2021-12-07,19.205884502923976,19.259283625730998,18.52949561403509,18.662993421052633,467744.7,984152.039
2021-12-08,18.680793128654972,19.00118786549708,18.50279605263158,18.876589912280703,442949.75,932569.854
2021-12-09,18.88548976608187,19.11688596491228,18.645193713450293,19.090186403508774,628724.06,1335286.496
2021-12-10,19.090186403508774,19.659777046783628,18.965588450292397,19.045687134502923,666761.42,1440943.743
2021-12-13,19.250383771929826,20.95025584795322,19.241483918128658,20.71885964912281,1843858.29,4282068.027
2021-12-14,20.51416301169591,20.53196271929825,19.59747807017544,19.882273391812866,1075788.02,2408443.855
2021-12-15,19.739875730994154,20.193768274853806,19.68647660818714,19.900073099415206,445641.95,999117.543
2021-12-16,19.908972953216377,20.202668128654974,19.748775584795325,20.193768274853806,362045.13,814560.318
2021-12-17,20.184868421052634,20.327266081871347,19.891173245614038,19.917872807017545,284668.71,640739.53
2021-12-20,19.757675438596493,19.900073099415206,19.39278143274854,19.428380847953218,300019.17,658424.694
2021-12-21,19.428380847953218,19.650877192982456,19.250383771929826,19.490679824561404,230860.46,502630.951
2021-12-22,19.588578216374273,19.650877192982456,19.312682748538013,19.455080409356725,194007.9,423731.659
2021-12-23,19.517379385964915,19.544078947368423,18.95668859649123,19.472880116959065,292026.82,632206.141
2021-12-24,19.446180555555557,19.455080409356725,19.099086257309946,19.11688596491228,196033.13,422839.439
2021-12-27,19.5796783625731,19.80217470760234,19.330482456140352,19.508479532163747,323449.57,710260.766
2021-12-28,19.53517909356725,20.024671052631582,19.3749817251462,19.926772660818717,416261.99,926906.452
2021-12-29,19.85557383040936,20.763358918128656,19.83777412280702,20.26496710526316,571730.6,1306661.301
2021-12-30,20.26496710526316,20.68326023391813,19.989071637426903,20.46966374269006,455959.07,1043860.101
2021-12-31,20.442964181286552,20.558662280701757,20.211567982456142,20.442964181286552,294069.73,673379.592
2022-01-04,20.585361842105264,20.825657894736842,20.407364766081873,20.656560672514622,287083.95,665451.173
2022-01-05,20.656560672514622,21.448647660818718,20.612061403508775,21.14605263157895,560408.48,1335439.201
2022-01-06,21.14605263157895,22.133936403508777,21.14605263157895,21.947039473684214,718376.35,1762369.923
2022-01-07,22.24963450292398,22.356432748538015,21.279550438596495,21.448647660818718,766070.63,1870615.176
2022-01-10,21.31514985380117,22.561129385964914,21.16385233918129,21.306250000000002,1051004.53,2566901.988
2022-01-11,21.680043859649125,22.267434210526318,21.19945175438597,21.866940789473688,764077.3,1875580.007
2022-01-12,21.81354166666667,22.7124269005848,21.680043859649125,22.60562865497076,740651.48,1860156.067
2022-01-13,22.60562865497076,23.041721491228074,22.46323099415205,22.60562865497076,502215.87,1283140.844
2022-01-14,22.65012792397661,22.7124269005848,21.715643274853804,21.76014254385965,513922.42,1274984.36
2022-01-17,21.60884502923977,21.697843567251464,20.976955409356727,21.439747807017547,475149.85,1136587.788
2022-01-18,21.33294956140351,21.964839181286553,21.190551900584797,21.644444444444446,337814.54,822684.313
2022-01-19,21.76014254385965,22.561129385964914,21.62664473684211,21.74234283625731,399685.64,991781.919
2022-01-20,21.537646198830412,21.62664473684211,21.12825292397661,21.413048245614036,379025.93,909110.682
2022-01-21,21.012554824561406,21.13715277777778,20.47856359649123,20.585361842105264,368619.52,857572.086
2022-01-24,20.345065789473686,21.208351608187137,20.22046783625731,21.16385233918129,291407.3,683243.797
2022-01-25,20.92355628654971,21.671144005847957,20.727759502923977,20.772258771929828,250057.23,592548.313
2022-01-26,20.772258771929828,20.985855263157895,20.460763888888888,20.656560672514622,222122.4,518178.847
2022-01-27,20.834557748538014,21.208351608187137,20.256067251461992,20.291666666666668,209412.53,485241.695
2022-01-28,20.451864035087723,21.35964912280702,20.11366959064328,21.012554824561406,322394.44,754550.225
2022-02-07,21.49314692982456,21.617744883040938,21.039254385964917,21.466447368421054,290077.54,695657.231
2022-02-08,21.413048245614036,21.528746345029244,20.73665935672515,21.208351608187137,229362.84,543729.686
2022-02-09,21.12825292397661,21.448647660818718,21.003654970760238,21.404148391812868,176649.94,422761.604
2022-02-10,21.528746345029244,22.516630116959067,21.35964912280702,22.40983187134503,482561.08,1200310.857
2022-02-11,22.40983187134503,22.908223684210526,22.16063596491228,22.25853435672515,386622.23,977382.151
2022-02-14,22.125036549707605,23.602412280701756,22.071637426900587,22.39203216374269,789556.07,2032143.157
2022-02-15,22.534429824561407,23.201918859649126,22.187335526315792,22.614528508771933,406900.78,1036915.276
2022-02-16,22.42763157894737,23.13961988304094,22.00043859649123,22.60562865497076,361472.64,915820.188
2022-02-17,22.69462719298246,22.961622807017548,22.25853435672515,22.570029239766082,280809.86,712604.57
2022-02-18,22.552229532163746,23.13961988304094,22.29413377192983,23.1218201754386,319331.0,818824.867
2022-02-21,23.157419590643276,23.98510599415205,23.06842105263158,23.691410818713454,483889.79,1284418.137
2022-02-22,23.673611111111114,23.98510599415205,23.451114766081876,23.709210526315793,284281.89,756331.938
2022-02-23,23.70031067251462,23.976206140350882,22.828125,22.997222222222224,487092.63,1265887.628
2022-02-24,22.87262426900585,23.175219298245615,22.116136695906437,22.489930555555556,391014.24,994418.913
2022-02-25,22.667927631578948,23.023921783625735,22.338633040935676,22.45433114035088,230061.85,584118.938
2022-02-28,22.320833333333333,22.578929093567254,21.938139619883042,22.151736111111113,320060.88,796317.192
2022-03-01,22.151736111111113,22.23183479532164,21.769042397660822,22.062737573099415,277914.11,685385.378
2022-03-02,22.20513523391813,22.24963450292398,19.891173245614038,20.158168859649123,1118321.25,2585227.195
2022-03-03,20.024671052631582,20.024671052631582,19.010087719298248,19.143585526315793,883705.84,1915700.084
2022-03-04,19.43728070175439,20.273866959064332,19.18808479532164,19.926772660818717,892552.63,1992387.448
2022-03-07,19.259283625730998,19.268183479532166,18.3514985380117,18.689692982456144,848256.27,1787340.55
2022-03-08,18.511695906432752,18.609594298245614,17.532711988304094,18.048903508771932,569736.86,1157945.844
2022-03-09,17.83530701754386,17.933205409356727,16.438029970760233,17.150018274853803,645603.36,1248965.089
2022-03-10,18.244700292397663,18.840990497076028,18.155701754385966,18.75199195906433,762858.44,1594303.098
2022-03-11,18.413797514619887,19.15248538011696,17.959904970760235,18.95668859649123,590728.55,1240802.887
2022-03-14,18.95668859649123,19.250383771929826,18.70749269005848,18.73419225146199,327776.44,698175.173
2022-03-15,18.95668859649123,18.95668859649123,17.933205409356727,18.218000730994152,386831.71,811039.652
2022-03-16,18.689692982456144,19.472880116959065,18.52949561403509,19.39278143274854,521351.92,1116113.097
2022-03-17,19.677576754385967,20.291666666666668,19.40168128654971,19.80217470760234,412618.77,921426.466
2022-03-18,19.38388157894737,19.84667397660819,19.063486842105267,19.659777046783628,336222.29,738022.728
2022-03-21,19.490679824561404,19.935672514619885,19.312682748538013,19.704276315789475,278112.39,615868.679
2022-03-22,19.490679824561404,19.5796783625731,19.036787280701756,19.099086257309946,292592.1,631187.423
2022-03-23,19.099086257309946,19.161385233918132,18.876589912280703,18.95668859649123,166691.41,355175.422
2022-03-24,18.689692982456144,18.689692982456144,18.32479897660819,18.493896198830413,319439.0,663585.335
2022-03-25,18.582894736842107,18.90328947368421,18.369298245614036,18.467196637426902,251988.63,528200.211
2022-03-28,18.244700292397663,18.45829678362573,17.977704678362574,18.360398391812865,133638.63,273935.529
2022-03-29,18.618494152046786,18.95668859649123,18.33369883040936,18.547295321637428,246269.56,516191.616
2022-03-30,18.72529239766082,19.036787280701756,18.547295321637428,18.654093567251465,236266.5,496000.914
2022-03-31,18.59179459064328,18.805391081871345,18.413797514619887,18.50279605263158,211973.12,441681.159
2022-04-01,18.493896198830413,18.796491228070177,18.28919956140351,18.76979166666667,206960.87,433609.809
2022-04-06,18.689692982456144,18.76979166666667,18.449396929824562,18.671893274853804,180459.42,376690.25
2022-04-07,18.57399488304094,19.36608187134503,18.48499634502924,19.107986111111114,345712.3,739615.593
2022-04-08,19.11688596491228,20.425164473684212,19.063486842105267,20.309466374269007,603337.38,1354442.706
2022-04-11,20.318366228070175,21.048154239766085,19.79327485380117,21.003654970760238,679089.84,1576137.531
2022-04-12,20.807858187134503,21.635544590643278,20.4874634502924,20.834557748538014,657568.79,1559125.65
2022-04-13,20.558662280701757,20.64766081871345,19.748775584795325,19.80217470760234,350886.64,794765.603
2022-04-14,19.85557383040936,20.175968567251466,19.588578216374273,20.05137061403509,242311.19,542299.28
2022-04-15,20.05137061403509,20.095869883040937,19.357182017543863,19.588578216374273,183933.85,406456.699
2022-04-18,19.5796783625731,19.588578216374273,18.876589912280703,18.97448830409357,222277.89,477934.202
2022-04-19,19.010087719298248,19.36608187134503,18.814290935672517,19.00118786549708,170477.42,365234.862
2022-04-20,19.214784356725147,19.22368421052632,18.12900219298246,18.27139985380117,283779.82,590620.63
2022-04-21,18.200201023391813,18.253600146198835,17.66620979532164,17.77300804093567,206678.97,415484.563
2022-04-22,17.6484100877193,18.27139985380117,17.39031432748538,17.986604532163746,194894.64,390925.55
2022-04-25,17.808607456140354,18.440497076023394,17.63061038011696,17.63951023391813,312674.89,635098.791
2022-04-26,17.63951023391813,18.191301169590645,17.363614766081874,17.550511695906433,250585.51,498389.872
2022-04-27,17.399214181286553,17.92430555555556,17.25681652046784,17.92430555555556,238459.19,472140.639
2022-04-28,18.066703216374272,18.32479897660819,17.719608918128657,17.89760599415205,188370.61,380117.472
2022-04-29,18.244700292397663,18.645193713450293,17.88870614035088,18.645193713450293,254844.66,523742.017
2022-05-05,18.680793128654972,19.873373538011695,18.52059576023392,19.784375,547602.4,1202324.372
2022-05-06,19.446180555555557,21.226151315789476,19.428380847953218,21.11045321637427,985725.49,2312517.06
2022-05-09,21.012554824561406,21.430847953216375,20.763358918128656,21.32404970760234,683707.45,1632016.108
2022-05-10,21.083753654970764,21.083753654970764,19.766575292397665,20.04247076023392,495664.79,1121953.02
2022-05-11,20.024671052631582,20.291666666666668,19.713176169590643,19.891173245614038,247487.51,555919.652
2022-05-12,20.2827668128655,20.4874634502924,19.659777046783628,20.006871345029243,288642.02,647039.851
2022-05-13,19.891173245614038,20.01577119883041,19.22368421052632,19.446180555555557,268827.87,589658.148
2022-05-16,19.40168128654971,19.784375,19.339382309941524,19.544078947368423,185833.71,408179.484
2022-05-17,19.62417763157895,20.060270467836258,19.294883040935673,20.024671052631582,208383.79,461863.996
2022-05-18,20.03357090643275,20.300566520467836,19.748775584795325,19.79327485380117,160651.39,359374.991
2022-05-19,19.5796783625731,19.81997441520468,19.321582602339184,19.81997441520468,120702.54,265043.471
2022-05-20,19.900073099415206,19.944572368421056,19.43728070175439,19.80217470760234,168319.92,372800.651
2022-05-23,19.722076023391814,19.98017178362573,19.606377923976613,19.971271929824564,174663.4,389203.322
2022-05-24,19.971271929824564,20.26496710526316,19.5796783625731,19.588578216374273,216522.43,484639.401
2022-05-25,19.5796783625731,19.606377923976613,19.00118786549708,19.330482456140352,226699.63,490789.28
2022-05-26,19.490679824561404,20.273866959064332,19.455080409356725,20.06917032163743,348660.16,780061.302
2022-05-27,20.24716739766082,20.416264619883044,20.024671052631582,20.22046783625731,259612.82,590181.405
2022-05-30,20.46966374269006,20.994755116959066,20.460763888888888,20.87905701754386,281851.41,658214.313
2022-05-31,20.91465643274854,21.404148391812868,20.701059941520473,20.985855263157895,249902.02,589770.893
2022-06-01,20.98594393971039,21.013838415483153,20.372265472709554,20.753489974937345,244329.7,544768.36
2022-06-02,20.57682496170983,20.902260512392093,20.548930485937067,20.772086292119187,157356.38,350779.881
2022-06-06,20.772086292119187,21.21839790448343,20.45594890002785,21.116118159983294,343555.2,774975.096
2022-06-07,21.088223684210526,21.329975807574492,20.874366036619325,21.00454025689223,275263.62,625043.959
2022-06-08,21.292783173210804,21.832076371484266,21.181205270119744,21.646113199665834,394012.76,913592.598
2022-06-09,21.515938979392928,21.794883737120582,21.348572124756338,21.627516882483988,252423.43,585449.8
2022-06-10,21.385764759120022,21.720498468393206,21.15331079434698,21.53453529657477,416618.31,964175.621
2022-06-13,21.032434732664996,21.627516882483988,21.023136574074073,21.599622406711223,308217.78,710401.971
2022-06-14,21.385764759120022,22.306282459621276,21.292783173210804,22.12031928780284,399281.05,944438.358
2022-06-15,22.11102112921192,22.408562204121417,21.78558557852966,21.869269005847954,348997.12,830583.518
2022-06-16,21.90646164021164,22.055232177666387,21.17190711152882,21.255590538847116,289038.35,666670.272
2022-06-17,21.04173289125592,21.441553710665552,20.976645781119466,21.357870283347257,165973.16,380523.984
2022-06-20,21.599622406711223,21.692603992620437,21.06032920843776,21.125416318574214,238033.3,544095.622
2022-06-21,21.013838415483153,21.106820001392368,20.716297340573657,20.80927892648287,199423.98,447129.843
2022-06-22,20.80927892648287,21.032434732664996,20.64191207184628,20.706999181982734,115715.51,258828.104
2022-06-23,20.64191207184628,20.80927892648287,20.20489861807296,20.446650741436926,279239.55,611463.88
2022-06-24,20.446650741436926,20.502439692982456,20.223494935254806,20.41875626566416,161007.69,352527.932
2022-06-27,20.344370996936785,20.80927892648287,20.325774679754943,20.651210230437204,216470.26,479849.913
2022-06-28,20.688402864800892,20.83717340225564,20.362967314118627,20.56752680311891,190500.88,420066.256
2022-06-29,20.548930485937067,20.660508389028124,20.45594890002785,20.502439692982456,190031.88,419724.342
2022-06-30,20.511737851573375,20.753489974937345,20.465247058618772,20.67910470620997,150288.08,332785.665
2022-07-01,20.67910470620997,20.67910470620997,20.40015994848232,20.493141534391533,115496.2,254802.51
2022-07-04,20.362967314118627,20.493141534391533,19.76788516429964,20.465247058618772,209629.04,455214.493
2022-07-05,20.41875626566416,20.818577085073798,20.186302300891118,20.409458107073238,215842.19,474340.027
2022-07-06,20.45594890002785,20.548930485937067,19.981742811890836,20.195600459482037,181965.93,395093.2
2022-07-07,20.23279309384573,20.288582045391255,19.684201736981343,19.76788516429964,265265.99,566819.04
2022-07-08,19.795779640072404,20.06542623920913,19.73069252993595,19.76788516429964,112118.54,239267.044
2022-07-11,19.72139437134503,20.437352582846003,19.395958820662766,20.074724397800058,271994.31,587020.664
2022-07-12,19.99104097048176,20.158407825118353,19.61911462684489,19.739990688526873,164245.63,350713.005
2022-07-13,19.739990688526873,19.851568591617937,19.526133040935672,19.637710944026736,118068.97,249849.78
2022-07-14,19.591220151072125,19.684201736981343,19.405256979253693,19.50753672375383,132845.83,278965.305
2022-07-15,19.470344089390142,19.65630726120858,19.07052326998051,19.117014062935116,159379.4,331798.214
2022-07-18,19.061225111389586,19.526133040935672,19.005436159844056,19.479642247981065,195295.88,405250.946
2022-07-19,19.46104593079922,19.46104593079922,19.08911958716235,19.321573551935394,181060.14,374905.789
2022-07-20,19.29367907616263,19.535431199526595,19.265784600389864,19.358766186299082,116117.46,241995.561
2022-07-21,19.36806434489,19.423853296435535,19.079821428571428,19.14490853870788,127155.7,262314.264
2022-07-22,19.228591966026176,19.265784600389864,18.680000609161795,18.828771146616543,184729.34,376180.377
2022-07-25,18.87526193957115,18.95894536688945,18.55912454747981,18.5963171818435,161467.04,323884.465
2022-07-26,18.61491349902534,18.856665622389308,18.61491349902534,18.828771146616543,140675.26,283762.985
2022-07-27,18.828771146616543,18.828771146616543,18.54982638888889,18.652106133389026,121956.67,244414.412
2022-07-28,18.689298767752717,19.24718828320802,18.61491349902534,18.996138001253133,291731.4,594853.715
2022-07-29,19.03333063561682,19.330871710526317,18.689298767752717,18.76368403648009,223142.55,455168.431
2022-08-01,18.76368403648009,18.76368403648009,18.419652168615983,18.49403743734336,234080.32,465556.667
2022-08-02,18.363863217070453,18.37316137566138,17.81527186020607,18.084918459342802,231426.74,448359.08
2022-08-03,18.215092679615704,18.484739278752436,17.91755160470621,17.945446080478977,147436.15,288064.418
2022-08-04,18.066322142160956,18.159303728070178,17.85246449456976,17.926849763297135,122343.31,236227.426
2022-08-05,18.047725824979114,18.466142961570593,17.96404239766082,18.419652168615983,180885.39,353937.677
2022-08-08,18.43824848579783,19.03333063561682,18.43824848579783,18.912454573934838,250601.11,507550.871
2022-08-09,18.949647208298522,19.2378901246171,18.70789508493456,18.800876670843774,159828.13,325074.858
2022-08-10,18.800876670843774,19.479642247981065,18.782280353661932,19.358766186299082,278245.73,577173.235
2022-08-11,19.358766186299082,19.61911462684489,19.29367907616263,19.405256979253693,164608.34,343713.642
2022-08-12,19.544729358117515,19.916655701754387,19.395958820662766,19.749288847117793,258440.33,548605.322
2022-08-15,19.739990688526873,20.074724397800058,19.135610380116958,19.2378901246171,382858.03,799765.985
2022-08-16,19.34946802770816,19.395958820662766,18.828771146616543,18.949647208298522,362007.25,740510.938
2022-08-17,18.940349049707603,19.079821428571428,18.633509816207184,18.689298767752717,222541.36,448366.822
2022-08-18,18.652106133389026,18.87526193957115,18.56842270607073,18.61491349902534,166903.92,334807.234
2022-08-19,18.521931913116127,18.75438587788917,18.521931913116127,18.587019023252576,150469.63,301667.301
2022-08-22,18.531230071707046,18.642807974798107,18.23368899679755,18.56842270607073,199976.92,397257.179
2022-08-23,18.54982638888889,18.67070245057087,18.317372424115845,18.419652168615983,199636.69,395871.919
2022-08-24,18.428950327206906,18.484739278752436,17.91755160470621,17.936147921888054,252313.74,491443.459
2022-08-25,17.889657128933443,18.35456505847953,17.85246449456976,18.22439083820663,192318.35,374686.911
2022-08-26,18.22439083820663,18.280179789752157,17.8710608117516,17.97334055625174,178240.68,345518.3
2022-08-29,17.8710608117516,17.96404239766082,17.712992115705934,17.936147921888054,116347.72,223531.446
2022-08-30,18.03842766638819,18.057023983570037,17.712992115705934,17.79667554302423,138989.28,266102.875
2022-08-31,17.750184750069618,18.084918459342802,17.685097639933165,17.85246449456976,152848.43,293111.929
2022-09-01,17.85246449456976,18.029129507797272,17.778079225842387,17.86176265316068,110633.41,213398.622
2022-09-02,17.898955287524366,17.991936873433584,17.76878106725146,17.805973701615148,108866.28,208829.623
2022-09-05,17.740886591478695,17.96404239766082,17.666501322751323,17.778079225842387,121192.09,231537.451
2022-09-06,17.787377384433306,18.261583472570315,17.787377384433306,18.20579452102478,245659.12,479434.16
2022-09-07,18.20579452102478,18.587019023252576,18.066322142160956,18.37316137566138,201114.37,398302.649
2022-09-08,18.5126337545252,18.54052823029797,18.23368899679755,18.317372424115845,108033.77,213380.363
2022-09-09,18.28947794834308,18.71719324352548,18.215092679615704,18.652106133389026,233409.81,466316.584
2022-09-13,18.70789508493456,18.76368403648009,18.54052823029797,18.624211657616264,133550.31,267810.084
2022-09-14,18.40105585143414,18.66140429197995,18.317372424115845,18.44754664438875,126671.25,251646.627
2022-09-15,18.49403743734336,18.624211657616264,18.001235032024507,18.094216617933725,169046.61,331257.047
2022-09-16,18.112812935115567,18.23368899679755,17.694395798524088,17.694395798524088,158807.02,305026.786
2022-09-19,17.685097639933165,17.778079225842387,17.37825840643275,17.499134468114732,145948.14,274931.276
2022-09-20,17.573519736842105,17.778079225842387,17.48053815093289,17.666501322751323,93196.41,176738.613
2022-09-21,17.675799481342246,17.675799481342246,17.06212101434141,17.136506283068783,237979.22,440636.793
2022-09-22,17.0156302213868,17.127208124477864,16.643703877749928,17.06212101434141,198219.18,360354.809
2022-09-23,17.0156302213868,17.424749199387357,16.89475415970482,16.978437587023116,193566.88,356997.365
2022-09-26,16.829667049568368,16.838965208159287,16.05791988652186,16.132305155249234,350416.36,618484.329
2022-09-27,16.27177753411306,16.51352965747703,16.11370883806739,16.49493334029518,274385.97,481430.345
2022-09-28,16.392653595795043,16.63440571915901,16.15090147243108,16.188094106794765,161390.06,284219.238
2022-09-29,16.36475912002228,16.504231498886103,15.732484335839601,15.946341983430798,264416.8,455272.164
2022-09-30,15.946341983430798,16.01142909356725,15.704589860066834,15.732484335839601,204733.73,348299.804
2022-10-10,15.825465921748817,15.964938300612644,15.295470882066276,15.332663516429962,217097.88,363055.356
2022-10-11,15.360557992202729,15.462837736702868,15.090911393066,15.453539578111947,176946.58,291245.137
2022-10-12,15.48143405388471,15.490732212475635,14.923544538429407,15.425645102339182,183845.98,300941.861
2022-10-13,15.341961675020887,15.341961675020887,14.932842697020329,14.98863164856586,240100.18,388721.821
2022-10-14,15.090911393066,15.602310115566697,15.025824282929547,15.304769040657199,300427.21,494078.568
2022-10-17,15.15599850320245,15.453539578111947,15.090911393066,15.416346943748259,215653.22,354457.911
2022-10-18,15.490732212475635,15.546521164021163,15.267576406293513,15.304769040657199,160262.58,264886.693
2022-10-19,15.248980089111667,15.295470882066276,14.77477400097466,14.78407215956558,268821.65,432622.556
2022-10-20,14.709686890838206,14.821264793929268,14.505127401837928,14.709686890838206,209022.51,329236.829
2022-10-21,15.081613234475077,15.407048785157338,14.858457428292954,14.970035331384016,363034.71,589449.957
2022-10-24,14.970035331384016,15.276874564884434,14.467934767474242,14.579512670565302,318587.24,509409.945
2022-10-25,14.579512670565302,14.644599780701755,14.254077119883041,14.486531084656084,188261.13,292606.272
2022-10-26,14.272673437064885,14.802668476747424,14.254077119883041,14.67249425647452,210948.2,331736.727
2022-10-27,14.691090573656364,14.914246379838485,14.644599780701755,14.839861111111112,219206.68,348467.047
2022-10-28,14.737581366610971,14.746879525201894,14.161095533973825,14.235480802701199,196245.85,304179.443
2022-10-31,13.575311542745753,14.30056791283765,12.980229392926763,14.263375278473962,597573.93,866983.893
2022-11-01,13.854256300473406,14.133201058201058,13.621802335700362,14.077412106655528,345170.01,516139.614
2022-11-02,14.030921313700919,14.523723719019772,13.947237886382624,14.374953181565024,262756.47,405106.641
2022-11-03,14.235480802701199,14.41214581592871,14.19828816833751,14.272673437064885,135266.91,207975.785
2022-11-04,14.319164230019494,15.016526124338624,14.319164230019494,14.877053745474798,282274.69,447987.893
2022-11-07,14.877053745474798,15.146700344611528,14.793370318156503,14.99792980715678,180334.04,290822.051
2022-11-08,15.007227965747703,15.118805868838765,14.83056295252019,14.960737172793094,140953.5,226579.005
2022-11-09,15.016526124338624,15.100209551656919,14.932842697020329,14.970035331384016,102758.45,166010.004
2022-11-10,14.923544538429407,14.960737172793094,14.737581366610971,14.83056295252019,123752.38,197540.069
2022-11-11,15.15599850320245,15.620906432748539,15.007227965747703,15.500030371066558,340833.95,561988.633
2022-11-14,15.57441563979393,15.704589860066834,15.100209551656919,15.118805868838765,233808.6,386371.212
2022-11-15,15.118805868838765,15.388452467975496,15.100209551656919,15.276874564884434,209626.01,344097.718
2022-11-16,15.31406719924812,15.453539578111947,15.230383771929825,15.35125983361181,125771.3,207388.745
2022-11-17,15.267576406293513,15.323365357839043,15.109507710247842,15.230383771929825,114119.84,186685.007
2022-11-18,15.230383771929825,15.332663516429962,15.118805868838765,15.128104027429686,105128.57,171910.265
2022-11-21,15.007227965747703,15.341961675020887,14.83056295252019,15.341961675020887,154713.48,251895.869
2022-11-22,15.25827824770259,15.47213589529379,15.128104027429686,15.183892978975214,103512.77,170092.955
2022-11-23,15.128104027429686,15.48143405388471,15.109507710247842,15.295470882066276,141135.71,232844.819
2022-11-24,15.295470882066276,15.416346943748259,15.137402186020608,15.286172723475357,82803.91,135903.02
2022-11-25,15.248980089111667,15.537223005430244,15.193191137566139,15.462837736702868,135176.29,224218.814
2022-11-28,15.248980089111667,15.48143405388471,15.063016917293233,15.416346943748259,151889.58,249657.843
2022-11-29,15.397750626566415,15.74178249443052,15.397750626566415,15.630204591339458,159282.16,267197.379
2022-11-30,15.583713798384853,16.01142909356725,15.583713798384853,15.620906432748539,178090.2,302247.314
2022-12-01,15.769676970203287,16.225286741158452,15.769676970203287,15.964938300612644,252774.48,435079.073
2022-12-02,16.10441067947647,16.169497789612922,15.946341983430798,16.04862172793094,128092.98,221023.762
2022-12-05,15.946341983430798,16.392653595795043,15.946341983430798,16.31826832706767,163922.27,286994.905
2022-12-06,16.308970168476748,16.36475912002228,16.17879594820384,16.281075692703983,142959.18,250136.684
2022-12-07,16.27177753411306,16.346162802840432,15.871956714703426,16.039323569340016,172901.78,298570.288
2022-12-08,16.039323569340016,16.225286741158452,15.899851190476193,16.132305155249234,119045.59,206241.9
2022-12-09,16.085814362294627,16.27177753411306,15.992832776385407,16.27177753411306,152952.19,265725.469
2022-12-12,16.169497789612922,16.27177753411306,15.83476408033974,15.862658556112503,126071.44,217069.776
2022-12-13,15.871956714703426,15.983534617794488,15.620906432748539,15.899851190476193,109928.0,186976.547
2022-12-14,15.899851190476193,16.11370883806739,15.816167763157896,16.020727252158174,86249.79,148094.974
2022-12-15,15.992832776385407,16.002130934976332,15.527924846839321,15.676695384294069,119193.87,201191.582
2022-12-16,15.620906432748539,15.946341983430798,15.490732212475635,15.899851190476193,104259.87,177211.992
2022-12-19,15.853360397521582,15.853360397521582,15.248980089111667,15.31406719924812,135758.44,225722.294
2022-12-20,15.31406719924812,15.527924846839321,15.230383771929825,15.360557992202729,93496.86,154963.152
2022-12-21,15.304769040657199,15.379154309384573,15.146700344611528,15.230383771929825,70738.37,115914.613
2022-12-22,15.304769040657199,15.360557992202729,14.886351904065721,14.99792980715678,80249.0,130298.988
2022-12-23,14.970035331384016,15.072315075884156,14.737581366610971,14.83056295252019,69759.29,111693.606
2022-12-26,14.78407215956558,14.932842697020329,14.78407215956558,14.849159269702033,57646.45,92182.52
2022-12-27,15.137402186020608,15.221085613338904,14.877053745474798,14.95143901420217,150929.55,243797.684
2022-12-28,15.007227965747703,15.007227965747703,14.71898504942913,14.83056295252019,91635.21,145837.98
2022-12-29,14.839861111111112,14.839861111111112,14.598108987747146,14.67249425647452,92544.04,146088.334
2022-12-30,14.77477400097466,14.821264793929268,14.430742133110554,14.440040291701475,109429.13,171151.065
2023-01-03,14.421443974519633,14.635301622110832,14.19828816833751,14.598108987747146,161583.67,250321.907
2023-01-04,14.588810829156223,14.839861111111112,14.523723719019772,14.653897939292676,105052.44,165774.839
2023-01-05,14.756177683792815,14.83056295252019,14.560916353383458,14.793370318156503,99310.36,157061.103
2023-01-06,14.77477400097466,15.109507710247842,14.709686890838206,14.923544538429407,125707.7,201922.081
2023-01-09,14.95143901420217,15.221085613338904,14.877053745474798,15.081613234475077,134096.44,217154.173
2023-01-10,15.090911393066,15.090911393066,14.802668476747424,14.839861111111112,121300.59,194124.302
2023-01-11,14.839861111111112,14.942140855611251,14.61670530492899,14.663196097883597,112660.0,178514.007
2023-01-12,14.644599780701755,14.72828320802005,14.477232926065163,14.570214511974381,105677.13,165462.706
2023-01-13,14.598108987747146,14.932842697020329,14.51442556042885,14.914246379838485,154915.33,245922.154
2023-01-16,14.923544538429407,15.964938300612644,14.877053745474798,15.593011956975772,302797.25,504485.4
2023-01-17,15.732484335839601,15.788273287385131,15.5186266882484,15.676695384294069,112933.88,189920.936
2023-01-18,15.788273287385131,15.788273287385131,15.453539578111947,15.527924846839321,104805.24,175219.063
2023-01-19,15.48143405388471,15.565117481203007,15.31406719924812,15.546521164021163,89374.56,148624.742
2023-01-20,15.667397225703148,15.79757144597605,15.565117481203007,15.713888018657755,110494.26,186500.856
2023-01-30,15.955640142021721,16.17879594820384,15.881254873294345,15.918447507658035,246723.72,425394.968
2023-01-31,15.47213589529379,16.53212597465887,15.341961675020887,16.290373851294905,508193.04,882242.743
2023-02-01,16.346162802840432,16.569318609022556,16.160199631022,16.457740705931496,197260.43,347148.379
2023-02-02,16.392653595795043,16.615809401977167,16.31826832706767,16.550722291840714,178564.51,316784.627
2023-02-03,16.560020450431633,16.560020450431633,16.085814362294627,16.27177753411306,179133.61,312954.874
2023-02-06,16.197392265385687,16.215988582567533,15.816167763157896,15.909149349067112,150302.2,257126.796
2023-02-07,15.992832776385407,16.020727252158174,15.84406223893066,15.918447507658035,65353.82,111856.566
2023-02-08,15.983534617794488,16.039323569340016,15.825465921748817,15.84406223893066,66015.56,112793.682
2023-02-09,15.732484335839601,16.12300699665831,15.732484335839601,15.983534617794488,110465.13,189951.449
2023-02-10,15.992832776385407,16.215988582567533,15.881254873294345,15.983534617794488,120454.67,208086.853
2023-02-13,16.020727252158174,16.457740705931496,15.853360397521582,16.392653595795043,202072.15,353672.872
2023-02-14,16.457740705931496,17.136506283068783,16.411249912976885,16.829667049568368,306967.94,556813.186
2023-02-15,16.838965208159287,16.997033904204958,16.727387305068223,16.745983622250073,168541.6,305337.485
2023-02-16,16.755281780840992,16.84826336675021,16.169497789612922,16.31826832706767,208357.67,370471.812
2023-02-17,16.281075692703983,16.811070732386522,16.27177753411306,16.52282781606795,224156.75,400538.545
2023-02-20,16.597213084795325,16.978437587023116,16.46703886452242,16.941244952659424,308838.64,559421.649
2023-02-21,16.922648635477582,17.099313648705095,16.783176256613757,16.950543111250347,153871.96,280478.077
2023-02-22,16.913350476886663,16.987735745614035,16.671598353522697,16.773878098022834,115566.92,208666.493
2023-02-23,16.829667049568368,16.997033904204958,16.8017725737956,16.913350476886663,114086.77,207372.333
2023-02-24,16.829667049568368,16.89475415970482,16.52282781606795,16.662300194931777,120282.22,215318.765
2023-02-27,16.550722291840714,16.73668546365915,16.457740705931496,16.49493334029518,102998.98,183318.393
2023-02-28,16.48563518170426,16.5879149262044,16.11370883806739,16.411249912976885,200219.96,350529.034
2023-03-01,16.53212597465887,16.578616767613475,16.392653595795043,16.476337023113338,111604.11,197907.284
2023-03-02,16.457740705931496,16.792474415204676,16.290373851294905,16.65300203634085,205711.08,367587.633
2023-03-03,16.625107560568086,17.006332062795877,16.597213084795325,16.773878098022834,200539.58,362304.133
2023-03-06,16.783176256613757,16.922648635477582,16.36475912002228,16.401951754385966,207057.36,366595.048
2023-03-07,16.420548071567808,16.811070732386522,16.215988582567533,16.27177753411306,179786.67,318398.456
2023-03-08,16.225286741158452,16.234584899749375,16.01142909356725,16.132305155249234,111907.46,193770.579
2023-03-09,16.067218045112785,16.206690423976607,15.83476408033974,15.918447507658035,90978.67,156582.479
2023-03-10,15.890553031885268,15.899851190476193,15.490732212475635,15.537223005430244,119454.32,201023.699
2023-03-13,15.509328529657477,16.197392265385687,15.509328529657477,15.74178249443052,157471.63,268916.098
2023-03-14,15.341961675020887,15.74178249443052,15.248980089111667,15.369856150793652,106299.01,176419.128
2023-03-15,15.397750626566415,15.57441563979393,15.341961675020887,15.369856150793652,81086.04,134804.839
2023-03-16,15.267576406293513,15.434943260930105,15.025824282929547,15.109507710247842,93218.43,152544.176
2023-03-17,15.407048785157338,15.48143405388471,15.063016917293233,15.15599850320245,114237.75,187500.401
2023-03-20,15.323365357839043,15.667397225703148,15.007227965747703,15.090911393066,124286.43,203086.439
2023-03-21,14.95143901420217,15.183892978975214,14.95143901420217,15.090911393066,79345.84,128581.546
2023-03-22,15.174594820384295,15.276874564884434,14.849159269702033,14.942140855611251,136429.69,220744.614
2023-03-23,14.923544538429407,14.942140855611251,14.61670530492899,14.72828320802005,198298.4,313929.104
2023-03-24,14.78407215956558,14.802668476747424,14.505127401837928,14.746879525201894,165366.86,261346.578
2023-03-27,14.77477400097466,15.165296661793372,14.598108987747146,15.03512244152047,277352.02,446254.947
2023-03-28,16.54142413324979,16.54142413324979,15.751080653021445,16.076516203703704,723513.56,1254748.533
2023-03-29,15.93704382483988,16.12300699665831,15.183892978975214,15.230383771929825,464130.68,770759.931
2023-03-30,15.248980089111667,15.248980089111667,14.765475842383738,15.063016917293233,268541.78,432886.174
2023-03-31,15.04442060011139,15.323365357839043,15.016526124338624,15.063016917293233,146871.99,239645.886
2023-04-03,15.109507710247842,15.323365357839043,14.895650062656642,15.016526124338624,233672.62,378283.388
2023-04-04,15.016526124338624,15.109507710247842,14.78407215956558,14.867755586883877,192407.08,307308.125
2023-04-06,14.72828320802005,14.867755586883877,14.700388732247285,14.77477400097466,108532.54,172173.761
2023-04-07,14.71898504942913,15.21178745474798,14.71898504942913,15.04442060011139,194124.79,313112.212
2023-04-10,15.016526124338624,15.388452467975496,14.877053745474798,15.118805868838765,219959.74,360073.049
2023-04-11,15.202489296157061,16.160199631022,15.202489296157061,16.05791988652186,592584.87,1004510.589
2023-04-12,16.020727252158174,16.225286741158452,15.79757144597605,16.141603313840157,281578.69,485050.73
2023-04-13,16.262479375522137,16.262479375522137,15.983534617794488,16.076516203703704,194485.19,336348.371
2023-04-14,16.085814362294627,16.132305155249234,15.667397225703148,15.788273287385131,213729.75,363311.481
2023-04-17,15.79757144597605,16.15090147243108,15.676695384294069,16.030025410749094,251042.42,429169.82
2023-04-18,16.002130934976332,16.160199631022,15.890553031885268,16.067218045112785,165634.02,286122.45
2023-04-19,15.899851190476193,16.01142909356725,15.751080653021445,15.79757144597605,127433.43,217163.498
2023-04-20,15.676695384294069,15.713888018657755,15.230383771929825,15.332663516429962,254791.14,421566.71
2023-04-21,15.25827824770259,15.388452467975496,14.932842697020329,14.970035331384016,170448.37,277119.34
2023-04-24,14.970035331384016,14.970035331384016,14.607407146338069,14.709686890838206,156990.77,249137.267
2023-04-25,14.71898504942913,14.811966635338345,14.291269754246727,14.486531084656084,132794.09,206831.145
2023-04-26,14.402847657337789,14.839861111111112,14.207586326928432,14.607407146338069,132376.22,208510.126
2023-04-27,14.607407146338069,15.016526124338624,14.04021947229184,14.746879525201894,318899.04,499534.531
2023-04-28,14.970035331384016,15.146700344611528,14.467934767474242,14.691090573656364,214268.18,337733.041
2023-05-04,14.505127401837928,14.61670530492899,14.309866071428573,14.347058705792259,159271.75,246592.945
2023-05-05,14.402847657337789,14.440040291701475,14.068113948064607,14.347058705792259,126941.81,194762.237
2023-05-08,14.365655022974101,14.467934767474242,14.281971595655806,14.319164230019494,103804.77,160231.541
2023-05-09,14.281971595655806,14.365655022974101,14.114604741019214,14.114604741019214,123195.34,188372.277
2023-05-10,14.123902899610137,14.337760547201336,14.058815789473684,14.207586326928432,109028.34,166779.573
2023-05-11,14.133201058201058,14.207586326928432,14.04021947229184,14.096008423837372,121517.36,184137.254
2023-05-12,14.105306582428293,14.151797375382902,13.88215077624617,13.975132362155389,116116.08,174565.025
2023-05-15,13.947237886382624,14.114604741019214,13.854256300473406,14.096008423837372,92859.58,139704.465
2023-05-16,14.096008423837372,14.216884485519353,14.08671026524645,14.19828816833751,81103.03,123610.076
2023-05-17,14.114604741019214,14.30056791283765,14.105306582428293,14.179691851155667,77703.6,118748.356
2023-05-18,14.188990009746588,14.24477896129212,13.88215077624617,14.058815789473684,119435.66,180057.073
2023-05-19,14.049517630882763,14.114604741019214,13.82636182470064,14.096008423837372,128139.37,191867.819
2023-05-22,14.012324996519077,14.839861111111112,13.900747093428015,14.839861111111112,282938.15,438756.158
2023-05-23,14.61670530492899,14.756177683792815,14.41214581592871,14.421443974519633,139531.54,218485.548
2023-05-24,14.402847657337789,14.458636608883321,14.161095533973825,14.207586326928432,109367.05,168292.392
2023-05-25,14.114604741019214,14.337760547201336,14.077412106655528,14.24477896129212,80422.15,122722.197
2023-05-26,14.188990009746588,14.41214581592871,14.04021947229184,14.272673437064885,78991.41,120982.705
2023-05-29,14.235480802701199,14.579512670565302,14.207586326928432,14.374953181565024,112183.28,173923.78
2023-05-30,14.35635686438318,14.551618194792537,14.14249921679198,14.384251340155947,94779.71,146452.294
2023-05-31,14.374953181565024,14.681792415065441,14.235480802701199,14.681792415065441,106532.68,165492.205
2023-06-01,14.505534670008355,14.719398322194376,14.459042571707048,14.552026768309664,82916.31,130174.213
2023-06-02,14.598518866610972,14.728696741854638,14.561325187969926,14.691503063213592,112295.32,177089.202
2023-06-05,14.691503063213592,14.691503063213592,13.94762949039265,14.124299463937623,253029.83,387124.174
2023-06-06,14.087105785296576,14.375356794764691,14.040613686995266,14.087105785296576,117212.28,178660.536
2023-06-07,14.087105785296576,14.226582080200503,13.343232212475634,13.622184802283488,356519.44,520747.826
2023-06-08,13.52920060568087,13.557095864661655,13.250248015873018,13.4734100877193,230302.39,332154.652
2023-06-09,13.399022730437206,13.492006927039823,13.11077172096909,13.11077172096909,443275.69,629304.613
2023-06-12,13.259546435533279,13.343232212475634,12.989892265385688,13.26884485519354,265877.29,377517.467
2023-06-13,13.231651176552495,13.399022730437206,13.166562238930661,13.296740114174327,140543.34,200753.232
2023-06-14,13.306038533834588,13.761661097187416,13.250248015873018,13.640781641604011,252846.48,369744.449
2023-06-15,13.659378480924534,13.780257936507939,13.482708507379561,13.761661097187416,151679.66,222504.578
2023-06-16,13.761661097187416,13.836048454469509,13.538499025341132,13.659378480924534,146420.02,214897.218
2023-06-19,13.612886382623227,13.705870579225843,13.4734100877193,13.566394284321918,150072.23,218932.645
2023-06-20,13.603587962962965,13.603587962962965,13.408321150097468,13.464111668059038,98053.6,142030.837
2023-06-21,13.37112747145642,13.668676900584796,13.259546435533279,13.259546435533279,107546.22,155067.212
2023-06-26,13.259546435533279,13.389724310776943,13.101473301308829,13.250248015873018,124345.0,176887.691
2023-06-27,13.259546435533279,13.640781641604011,13.21305433723197,13.52920060568087,171867.42,248873.585
2023-06-28,13.492006927039823,13.566394284321918,13.343232212475634,13.464111668059038,89368.96,129150.415
2023-06-29,13.436216409078252,13.482708507379561,13.231651176552495,13.259546435533279,123327.75,176273.953
2023-06-30,13.203755917571707,13.42691798941799,13.203755917571707,13.324635373155111,125219.65,179448.514
2023-07-03,13.37112747145642,13.622184802283488,13.333933792815372,13.454813248398777,195812.66,284095.005
2023-07-04,13.464111668059038,13.482708507379561,13.296740114174327,13.389724310776943,108876.42,156448.14
2023-07-05,13.52920060568087,13.733765838206628,13.408321150097468,13.612886382623227,192020.09,280368.186
2023-07-06,13.594289543302702,13.63148322194375,13.389724310776943,13.464111668059038,117363.26,169804.571
2023-07-07,13.454813248398777,13.603587962962965,13.42691798941799,13.492006927039823,98105.28,142804.783
2023-07-10,13.58499112364244,13.668676900584796,13.454813248398777,13.58499112364244,138502.53,201899.694
2023-07-11,13.659378480924534,13.696572159565582,13.492006927039823,13.668676900584796,124946.22,183073.293
2023-07-12,13.677975320245059,13.984823169033696,13.603587962962965,13.873242133110555,266206.17,396590.049
2023-07-13,13.854645293790032,13.975524749373434,13.733765838206628,13.938331070732389,240950.27,360029.243
2023-07-14,13.956927910052912,14.049912106655528,13.863943713450293,13.975524749373434,160363.08,240615.024
2023-07-17,14.087105785296576,14.133597883597885,13.743064257866891,13.873242133110555,148636.0,222385.003
2023-07-18,13.873242133110555,13.891838972431078,13.668676900584796,13.826750034809246,127715.93,189345.239
2023-07-19,13.817451615148984,13.891838972431078,13.724467418546366,13.854645293790032,80017.8,118740.36
2023-07-20,13.836048454469509,14.031315267335005,13.761661097187416,13.780257936507939,132074.7,197383.398
2023-07-21,13.798854775828461,13.891838972431078,13.650080061264273,13.752362677527152,97576.5,144412.432
2023-07-24,13.761661097187416,13.761661097187416,13.519902186020607,13.566394284321918,106248.51,155690.829
2023-07-25,13.668676900584796,13.984823169033696,13.668676900584796,13.882540552770816,172378.31,257192.961
2023-07-26,13.836048454469509,14.031315267335005,13.826750034809246,13.938331070732389,108838.84,163131.097
2023-07-27,13.984823169033696,14.524131509328878,13.90113739209134,14.15219472291841,205685.81,315586.805
2023-07-28,14.115001044277362,14.393953634085214,14.05921052631579,14.31026785714286,133952.1,205467.473
2023-07-31,14.328864696463382,14.784487259816208,14.31956627680312,14.46834099136731,199664.19,313275.048
2023-08-01,14.459042571707048,14.598518866610972,14.347461535783905,14.46834099136731,145016.84,225761.811
2023-08-02,14.375356794764691,14.43114731272626,14.189388401559455,14.263775758841549,144478.9,222008.31
2023-08-03,14.189388401559455,14.375356794764691,14.170791562238932,14.366058375104428,99160.21,152526.967
2023-08-04,14.375356794764691,14.533429928989142,14.198686821219717,14.245178919521026,129549.27,199577.033
2023-08-07,14.226582080200503,14.226582080200503,14.022016847674744,14.124299463937623,83394.2,126548.913
2023-08-08,14.133597883597885,14.235880499860764,14.00342000835422,14.198686821219717,80928.19,122948.952
2023-08-09,14.189388401559455,14.189388401559455,14.022016847674744,14.077807365636314,87436.73,132442.893
2023-08-10,14.077807365636314,14.31956627680312,14.031315267335005,14.254477339181287,84433.0,128985.468
2023-08-11,14.226582080200503,14.245178919521026,13.854645293790032,13.94762949039265,131112.2,197386.413
2023-08-14,13.863943713450293,13.975524749373434,13.668676900584796,13.938331070732389,97952.3,145697.714
2023-08-15,13.984823169033696,14.133597883597885,13.863943713450293,13.975524749373434,101861.6,153399.069
2023-08-16,13.90113739209134,14.012718428014482,13.798854775828461,13.836048454469509,78436.9,116991.615
2023-08-17,13.733765838206628,13.826750034809246,13.557095864661655,13.677975320245059,113494.81,166685.143
2023-08-18,13.594289543302702,13.770959516847677,13.4734100877193,13.501305346700084,102116.92,149116.52
2023-08-21,13.445514828738515,13.57569270398218,13.31533695349485,13.343232212475634,101571.83,146717.708
2023-08-22,13.399022730437206,13.547797445001393,13.250248015873018,13.399022730437206,94875.83,136607.819
2023-08-23,13.343232212475634,13.482708507379561,13.11077172096909,13.147965399610138,125200.02,178174.037
2023-08-24,13.101473301308829,13.21305433723197,13.00848910470621,13.101473301308829,107925.48,152260.878
2023-08-25,13.05498120300752,13.547797445001393,13.05498120300752,13.333933792815372,259375.32,372213.517
2023-08-28,13.882540552770816,13.94762949039265,13.4734100877193,13.482708507379561,190831.97,279710.593
2023-08-29,13.482708507379561,13.57569270398218,13.37112747145642,13.454813248398777,160120.18,231710.563
2023-08-30,13.41761956975773,13.594289543302702,13.361829051796157,13.41761956975773,95953.09,139056.478
2023-08-31,13.42691798941799,13.4734100877193,13.31533695349485,13.352530632135895,87774.33,126199.611
2023-09-01,13.380425891116682,13.58499112364244,13.296740114174327,13.52920060568087,116910.58,169793.498
2023-09-04,13.603587962962965,14.05921052631579,13.52920060568087,13.919734231411866,180122.01,268300.79
2023-09-05,13.99412158869396,14.040613686995266,13.826750034809246,13.99412158869396,144449.33,216621.232
2023-09-06,13.99412158869396,14.273074178501812,13.910435811751602,14.15219472291841,161644.47,244798.434
2023-09-07,14.15219472291841,14.207985240879978,14.00342000835422,14.022016847674744,137716.41,208671.871
2023-09-08,14.040613686995266,14.05921052631579,13.863943713450293,13.919734231411866,79468.64,119159.063
2023-09-11,13.891838972431078,14.15219472291841,13.891838972431078,13.929032651072127,120554.92,181477.309
2023-09-12,13.94762949039265,14.00342000835422,13.882540552770816,13.966226329713173,94504.35,141760.756
2023-09-13,13.956927910052912,14.040613686995266,13.836048454469509,13.919734231411866,81265.17,121675.656
2023-09-14,13.919734231411866,13.99412158869396,13.808153195488723,13.891838972431078,78712.4,117455.234
2023-09-15,13.891838972431078,13.94762949039265,13.668676900584796,13.761661097187416,98160.04,145501.102
2023-09-18,13.733765838206628,13.770959516847677,13.57569270398218,13.743064257866891,60395.29,88995.316
2023-09-19,13.733765838206628,13.798854775828461,13.650080061264273,13.7895563561682,65588.65,97059.284
2023-09-20,13.724467418546366,13.836048454469509,13.705870579225843,13.743064257866891,45900.83,67950.903
2023-09-21,13.677975320245059,13.761661097187416,13.57569270398218,13.603587962962965,69088.0,101330.751
2023-09-22,13.63148322194375,13.743064257866891,13.454813248398777,13.52920060568087,93668.13,136276.614
2023-09-25,13.519902186020607,13.650080061264273,13.42691798941799,13.547797445001393,89242.95,130138.175
2023-09-26,13.603587962962965,13.622184802283488,13.389724310776943,13.445514828738515,74020.44,107268.328
2023-09-27,13.399022730437206,13.603587962962965,13.399022730437206,13.445514828738515,63383.4,91989.544
2023-09-28,13.557095864661655,13.57569270398218,13.324635373155111,13.389724310776943,110070.07,158639.865
2023-10-09,13.324635373155111,13.41761956975773,13.21305433723197,13.361829051796157,82913.26,118756.217
2023-10-10,13.389724310776943,13.519902186020607,13.259546435533279,13.287441694514063,79137.14,113842.341
2023-10-11,13.31533695349485,13.361829051796157,13.21305433723197,13.26884485519354,115351.46,164440.44
2023-10-12,13.278143274853802,13.361829051796157,13.21305433723197,13.296740114174327,109890.63,157065.387
2023-10-13,13.231651176552495,13.296740114174327,13.203755917571707,13.296740114174327,106395.3,151537.084
2023-10-16,13.324635373155111,13.352530632135895,13.120070140629352,13.166562238930661,114622.97,162533.028
2023-10-17,13.166562238930661,13.343232212475634,13.101473301308829,13.222352756892233,87911.95,125090.721
2023-10-18,13.222352756892233,13.389724310776943,13.11077172096909,13.31533695349485,207229.26,296739.429
2023-10-19,13.231651176552495,13.408321150097468,13.082876461988306,13.11077172096909,161565.66,230107.105
2023-10-20,13.036384363686995,13.082876461988306,12.766730193539406,12.887609649122808,141885.83,196847.014
2023-10-23,12.822520711500974,12.85041597048176,12.227421853244223,12.26461553188527,237207.14,316249.336
2023-10-24,12.27391395154553,12.441285505430244,12.041453460038987,12.180929754942914,200060.14,261189.956
2023-10-25,12.27391395154553,12.590060219994431,12.26461553188527,12.5249712823726,143672.8,192994.199
2023-10-26,12.450583925090505,12.710939675577835,12.450583925090505,12.683044416597049,100544.6,136301.958
2023-10-27,12.627253898635479,13.017787524366472,12.627253898635479,12.989892265385688,137326.7,190696.285
2023-10-30,13.203755917571707,13.594289543302702,13.101473301308829,13.538499025341132,314112.52,455489.775
2023-10-31,13.52920060568087,13.705870579225843,13.436216409078252,13.612886382623227,182474.1,266147.182
2023-11-01,13.603587962962965,13.873242133110555,13.501305346700084,13.770959516847677,194176.71,287315.5
2023-11-02,13.770959516847677,13.84534687412977,13.68727373990532,13.724467418546366,142363.3,210731.933
2023-11-03,13.715168998886105,13.808153195488723,13.57569270398218,13.650080061264273,104798.33,154254.225
2023-11-06,13.715168998886105,13.743064257866891,13.352530632135895,13.41761956975773,213706.75,309536.827
2023-11-07,13.37112747145642,13.501305346700084,13.352530632135895,13.380425891116682,113193.52,163362.264
2023-11-08,13.42691798941799,13.42691798941799,13.120070140629352,13.240949596212756,122669.6,174371.217
2023-11-09,13.175860658590922,13.380425891116682,13.175860658590922,13.296740114174327,83996.26,120412.23
2023-11-10,13.21305433723197,13.296740114174327,13.120070140629352,13.166562238930661,70746.25,100282.311
2023-11-13,13.194457497911445,13.278143274853802,12.980593845725426,13.082876461988306,150769.1,211546.988
2023-11-14,13.082876461988306,13.175860658590922,13.045682783347258,13.138666979949877,84650.12,119420.227
2023-11-15,13.222352756892233,13.296740114174327,13.1572638192704,13.203755917571707,81233.08,115519.421
2023-11-16,13.185159078251184,13.250248015873018,13.073578042328045,13.11077172096909,65219.01,92210.248
2023-11-17,13.073578042328045,13.120070140629352,12.915504908103594,13.064279622667783,96999.32,135798.743
2023-11-20,13.082876461988306,13.147965399610138,12.943400167084379,12.971295426065163,98959.3,138593.978
2023-11-21,13.017787524366472,13.203755917571707,12.971295426065163,13.064279622667783,83156.2,117345.189
2023-11-22,13.064279622667783,13.092174881648567,12.89690806878307,12.943400167084379,71408.0,99572.3
2023-11-23,12.906206488443333,13.073578042328045,12.859714390142022,12.99919068504595,68915.22,96111.547
2023-11-24,12.961997006404902,13.045682783347258,12.915504908103594,12.934101747424117,52810.0,73673.241
2023-11-27,12.887609649122808,13.036384363686995,12.748133354218883,12.989892265385688,106466.38,147868.363
2023-11-28,13.017787524366472,13.092174881648567,12.869012809802285,13.05498120300752,89649.06,125478.044
2023-11-29,12.989892265385688,13.064279622667783,12.943400167084379,13.017787524366472,68969.34,96413.282
2023-11-30,13.017787524366472,13.147965399610138,12.961997006404902,13.045682783347258,87850.68,123422.282
2023-12-01,13.064279622667783,13.092174881648567,12.673745996936788,12.720238095238097,130520.79,179736.14
2023-12-04,12.729536514898358,12.878311229462547,12.655149157616263,12.757431773879144,93163.17,127919.583
2023-12-05,12.748133354218883,12.859714390142022,12.562164961013647,12.571463380673908,80263.69,109514.45
2023-12-06,12.571463380673908,12.664447577276524,12.47847918407129,12.552866541353385,66350.15,89788.175
2023-12-07,12.534269702032862,12.627253898635479,12.385494987468674,12.552866541353385,78510.87,105625.79
2023-12-08,12.552866541353385,12.664447577276524,12.42268866610972,12.459882344750767,97945.07,131769.665
2023-12-11,12.413390246449458,12.655149157616263,12.236720272904485,12.63655231829574,148299.36,198701.073
2023-12-12,12.562164961013647,12.617955478975217,12.329704469507101,12.562164961013647,143209.13,191726.138
2023-12-13,12.552866541353385,12.692342836257312,12.27391395154553,12.283212371205794,128812.4,171542.486
2023-12-14,12.339002889167364,12.36689814814815,12.180929754942914,12.199526594263437,92388.4,121627.58
2023-12-15,12.199526594263437,12.32040604984684,12.16233291562239,12.190228174603176,84151.01,110679.771
2023-12-18,12.227421853244223,12.227421853244223,11.976364522417155,12.106542397660819,93292.77,121596.333
2023-12-19,12.041453460038987,12.16233291562239,11.874081906154276,12.004259781397941,123598.09,159102.282
2023-12-20,12.041453460038987,12.078647138680035,11.743904030910612,11.771799289891396,121447.47,155362.04
2023-12-21,11.725307191590087,11.855485066833753,11.669516673628518,11.781097709551657,110469.48,139887.943
2023-12-22,11.762500870231134,11.874081906154276,11.623024575327207,11.846186647173491,142198.89,179751.433
2023-12-25,11.808992968532442,11.892678745474798,11.650919834307993,11.818291388192705,115709.66,146334.66
2023-12-26,11.83688822751323,11.892678745474798,11.762500870231134,11.827589807852968,99935.63,127068.47
2023-12-27,11.771799289891396,11.967066102756892,11.743904030910612,11.939170843776107,82083.62,104789.921
2023-12-28,11.948469263436369,12.16233291562239,11.892678745474798,12.125139236981342,142286.12,184496.611
2023-12-29,12.11584081732108,12.32040604984684,12.05075187969925,12.246018692564746,115476.15,151346.706
2024-01-02,12.255317112225008,12.339002889167364,12.190228174603176,12.246018692564746,104213.13,137496.991
2024-01-03,12.26461553188527,12.301809210526317,12.199526594263437,12.26461553188527,95048.57,125237.114
2024-01-04,12.255317112225008,12.301809210526317,12.087945558340296,12.255317112225008,86572.08,113575.982
2024-01-05,12.27391395154553,12.283212371205794,12.078647138680035,12.153034495962128,89429.02,117114.262
2024-01-08,12.16233291562239,12.171631335282653,12.004259781397941,12.013558201058203,100355.69,130246.438
2024-01-09,11.976364522417155,12.11584081732108,11.818291388192705,12.060050299359512,85619.64,110792.094
2024-01-10,12.087945558340296,12.301809210526317,11.99496136173768,12.106542397660819,91566.71,119730.69
2024-01-11,12.087945558340296,12.143736076301867,11.790396129211919,11.818291388192705,186204.78,238299.883
2024-01-12,11.762500870231134,11.781097709551657,11.344071985519355,11.502145119743805,213098.29,264276.453
2024-01-15,11.390564083820664,11.502145119743805,11.21389411027569,11.223192529935952,226734.33,277311.992
2024-01-16,11.21389411027569,11.483548280423282,11.05582097605124,11.455653021442496,266496.74,323546.092
2024-01-17,11.455653021442496,11.576532477025898,11.334773565859093,11.334773565859093,146125.59,180368.249
2024-01-18,11.21389411027569,11.455653021442496,11.009328877749931,11.325475146198832,219205.74,263799.25
2024-01-19,11.334773565859093,11.47424986076302,11.232490949596214,11.381265664160402,119765.8,146537.721
2024-01-22,11.381265664160402,11.399862503480925,10.972135199108886,11.074417815371763,168859.11,203390.164
2024-01-23,11.018627297410193,11.139506752993597,10.832658904204958,11.05582097605124,141023.75,167081.521
2024-01-24,11.139506752993597,11.176700431634643,10.851255743525481,11.15810359231412,125461.36,149153.446
2024-01-25,11.120909913673074,11.539338798384852,11.083716235032025,11.53004037872459,141328.07,173028.493
2024-01-26,11.53004037872459,11.808992968532442,11.492846700083543,11.734605611250348,136535.8,171012.008
2024-01-29,11.762500870231134,11.818291388192705,11.483548280423282,11.511443539404068,117795.56,147216.652
2024-01-30,11.483548280423282,11.585830896686161,11.176700431634643,11.195297270955166,165367.85,201865.978
2024-01-31,11.148805172653859,11.176700431634643,10.869852582846004,10.934941520467836,197559.23,233550.282
2024-02-01,10.879151002506266,11.148805172653859,10.823360484544697,10.962836779448622,177316.18,209799.209
2024-02-02,10.972135199108886,11.05582097605124,10.36773792119187,10.665287350320247,255049.53,295942.136
2024-02-05,10.665287350320247,10.972135199108886,10.330544242550822,10.646690510999722,277523.28,317791.211
2024-02-06,10.63739209133946,11.232490949596214,10.572303153717627,11.20459569061543,316600.49,375653.629
2024-02-07,11.232490949596214,11.455653021442496,11.083716235032025,11.36266882483988,331567.59,401844.878
2024-02-08,11.42775776246171,11.567234057365637,11.288281467557784,11.511443539404068,278979.23,343811.445
2024-02-19,11.613726155666946,11.725307191590087,11.548637218045114,11.688113512949041,177878.0,222479.375
2024-02-20,11.706710352269564,11.939170843776107,11.483548280423282,11.83688822751323,136510.04,173367.85
2024-02-21,11.790396129211919,12.069348719019773,11.697411932609302,11.83688822751323,173230.53,221938.546
2024-02-22,11.83688822751323,12.013558201058203,11.808992968532442,11.883380325814537,136720.93,175129.782
2024-02-23,11.883380325814537,11.929872424115846,11.753202450570873,11.83688822751323,119955.09,152527.479
2024-02-26,11.827589807852968,11.929872424115846,11.753202450570873,11.771799289891396,124303.77,158192.294
2024-02-27,11.790396129211919,11.855485066833753,11.716008771929825,11.827589807852968,127963.57,162141.822
2024-02-28,11.827589807852968,12.032155040378726,11.632322994987469,11.632322994987469,198158.14,251591.849
2024-02-29,11.604427736006684,11.83688822751323,11.548637218045114,11.83688822751323,187457.72,236198.12
2024-03-01,11.827589807852968,11.892678745474798,11.716008771929825,11.864783486494014,164506.09,208979.367
2024-03-04,11.827589807852968,11.929872424115846,11.697411932609302,11.725307191590087,153041.51,194006.117
2024-03-05,11.725307191590087,11.808992968532442,11.604427736006684,11.660218253968255,199138.7,250667.441
2024-03-06,11.660218253968255,11.79969454887218,11.632322994987469,11.697411932609302,107953.26,136021.736
2024-03-07,11.716008771929825,12.171631335282653,11.716008771929825,11.892678745474798,186715.82,240154.306
2024-03-08,11.901977165135062,12.032155040378726,11.762500870231134,11.827589807852968,165317.5,210841.644
2024-03-11,11.827589807852968,11.939170843776107,11.743904030910612,11.846186647173491,153016.91,194313.705
2024-03-12,11.976364522417155,12.16233291562239,11.83688822751323,12.125139236981342,214164.11,276646.709
2024-03-13,12.11584081732108,12.11584081732108,11.864783486494014,11.920574004455585,175643.44,225409.64
2024-03-14,11.827589807852968,12.143736076301867,11.827589807852968,11.985662942077417,149718.4,193436.024
2024-03-15,11.99496136173768,12.041453460038987,11.734605611250348,12.022856620718464,212513.4,271617.421
2024-03-18,12.004259781397941,12.153034495962128,11.948469263436369,12.143736076301867,182521.38,236695.694
2024-03-19,12.143736076301867,12.506374443052074,12.097243978000558,12.190228174603176,253552.61,335206.935
2024-03-20,12.199526594263437,12.590060219994431,12.180929754942914,12.47847918407129,277125.36,370729.046
2024-03-21,12.590060219994431,12.608657059314956,12.311107630186578,12.357599728487887,186051.0,247754.838
2024-03-22,12.348301308827626,12.599358639654694,12.329704469507101,12.404091826789196,200454.22,268078.109
2024-03-25,12.329704469507101,12.506374443052074,12.27391395154553,12.301809210526317,147035.18,195830.004
2024-03-26,12.283212371205794,12.562164961013647,12.283212371205794,12.487777603731551,202743.86,271357.264
2024-03-27,12.42268866610972,12.552866541353385,12.394793407128935,12.394793407128935,152203.35,204529.974
2024-03-28,12.385494987468674,12.766730193539406,12.348301308827626,12.73883493455862,235457.7,319555.624
2024-03-29,12.73883493455862,13.082876461988306,12.645850737956001,12.971295426065163,214533.63,297961.299
2024-04-01,13.073578042328045,13.31533695349485,13.017787524366472,13.26884485519354,262263.32,371640.882
2024-04-02,13.333933792815372,13.752362677527152,13.333933792815372,13.668676900584796,353253.57,516145.092
2024-04-03,13.668676900584796,13.984823169033696,13.538499025341132,13.677975320245059,286371.67,422803.571
2024-04-08,13.715168998886105,13.808153195488723,13.566394284321918,13.594289543302702,213434.35,314150.895
2024-04-09,13.57569270398218,13.715168998886105,13.389724310776943,13.454813248398777,197942.36,287387.444
2024-04-10,13.603587962962965,13.863943713450293,13.492006927039823,13.705870579225843,288269.56,425556.396
2024-04-11,13.57569270398218,13.966226329713173,13.501305346700084,13.836048454469509,221683.11,328537.222
2024-04-12,13.836048454469509,14.263775758841549,13.743064257866891,14.133597883597885,279298.66,422073.951
2024-04-15,14.170791562238932,14.524131509328878,14.022016847674744,14.486937830687832,378866.15,584299.334
2024-04-16,14.459042571707048,14.607817286271235,14.207985240879978,14.207985240879978,306036.69,472671.478
2024-04-17,14.207985240879978,14.62641412559176,14.096404204956839,14.607817286271235,260152.08,402101.361
2024-04-18,14.552026768309664,14.830979358117517,14.459042571707048,14.58922044695071,228311.15,359463.174
2024-04-19,14.58922044695071,14.998350912002229,14.505534670008355,14.961157233361181,253134.03,405080.335
2024-04-22,15.147125626566417,15.230811403508772,14.449744152046785,14.477639411027571,383524.9,609430.157
2024-04-23,15.035544590643278,15.06343984962406,13.7895563561682,14.142896303258148,566866.14,871245.056
2024-04-24,14.273074178501812,14.617115705931496,14.068508945976053,14.579922027290449,336831.92,520758.813
2024-04-25,14.542728348649403,14.775188840155947,14.412550473405737,14.486937830687832,236439.8,370116.927
2024-04-26,14.384655214424953,14.552026768309664,14.142896303258148,14.31956627680312,292075.6,448252.34
2024-04-29,14.300969437482598,14.46834099136731,14.189388401559455,14.412550473405737,235644.96,363960.338
2024-04-30,14.43114731272626,14.654309384572544,14.338163116123644,14.412550473405737,219875.26,343214.793
2024-05-06,14.496236250348094,14.914665135059872,14.273074178501812,14.849576197438042,347508.38,546179.275
2024-05-07,14.923963554720135,14.942560394040658,14.663607804232806,14.784487259816208,258698.24,411095.798
2024-05-08,14.737995161514899,14.858874617098303,14.617115705931496,14.728696741854638,163307.84,258666.667
2024-05-09,14.737995161514899,14.821680938457256,14.598518866610972,14.737995161514899,194110.96,306909.114
2024-05-10,14.74729358117516,15.082036688944584,14.682204643553328,15.007649331662492,236532.8,379191.223
2024-05-13,14.914665135059872,15.286601921470345,14.830979358117517,15.249408242829295,303248.41,493896.487
2024-05-14,15.175020885547204,15.379586118072961,15.10993194792537,15.360989278752438,228800.43,375653.248
2024-05-15,15.333094019771652,15.537659252297413,14.607817286271235,14.700801482873853,405577.98,650808.024
2024-05-16,14.598518866610972,14.737995161514899,14.412550473405737,14.496236250348094,215072.0,336172.552
2024-05-17,14.496236250348094,14.617115705931496,14.366058375104428,14.579922027290449,141683.59,220863.776
2024-05-20,14.505534670008355,14.691503063213592,14.393953634085214,14.459042571707048,213900.31,334145.748
2024-05-21,14.505534670008355,14.579922027290449,14.393953634085214,14.46834099136731,156370.14,243431.338
2024-05-22,14.43114731272626,14.505534670008355,14.198686821219717,14.235880499860764,274668.5,422023.352
2024-05-23,14.235880499860764,14.263775758841549,14.00342000835422,14.031315267335005,253533.3,384550.557
2024-05-24,14.012718428014482,14.235880499860764,13.919734231411866,14.124299463937623,203515.58,308719.96
2024-05-27,14.201459203564468,14.375118351434141,14.124277360066834,14.182163742690058,173115.97,255215.001
2024-05-28,14.191811473127263,14.317231968810917,14.153220551378446,14.162868281815651,153120.16,225697.494
2024-05-29,14.162868281815651,14.268993316624895,14.047095516569202,14.124277360066834,104318.85,152958.394
2024-05-30,14.143572820941243,14.32687969924812,13.950618212197162,13.989209133945977,134608.32,197151.887
2024-05-31,13.989209133945977,14.056743247006406,13.776959064327485,13.825197716513506,167976.25,241927.005
2024-06-03,13.796254525201896,13.883084099136731,13.680481759955445,13.748015873015873,187806.86,268047.629
2024-06-04,13.757663603453077,13.796254525201896,13.564708994708996,13.709424951267058,193593.92,274295.087
2024-06-05,13.748015873015873,13.854140907825117,13.632243107769424,13.709424951267058,144627.11,206036.274
2024-06-06,13.709424951267058,13.912027290448343,13.593652186020607,13.854140907825117,185673.71,264725.824
2024-06-07,13.883084099136731,13.90237956001114,13.612947646895016,13.709424951267058,154609.86,220059.861
2024-06-11,13.709424951267058,13.825197716513506,13.62259537733222,13.767311333890282,116659.91,166125.556
2024-06-12,13.776959064327485,13.805902255639099,13.64189083820663,13.699777220829851,99164.58,140916.66
2024-06-13,13.699777220829851,13.748015873015873,13.448936229462545,13.497174881648567,117509.0,165128.556
2024-06-14,13.468231690336955,13.60329991645781,13.400697577276526,13.526118072960179,108485.0,151707.899
2024-06-17,13.526118072960179,13.526118072960179,13.236686159844055,13.313868003341689,182976.88,253293.349
2024-06-18,13.294572542467279,13.45858395989975,13.265629351155667,13.419993038150933,114344.46,158645.025
2024-06-19,13.41034530771373,13.545413533834585,13.265629351155667,13.275277081592872,94042.0,130038.873
2024-06-20,13.217390698969647,13.41034530771373,13.188447507658035,13.24633389028126,106290.75,146221.576
2024-06-21,13.188447507658035,13.362106655527707,13.169152046783626,13.284924812030075,123348.4,169731.626
2024-06-24,13.217390698969647,13.41034530771373,13.149856585909218,13.304220272904484,135316.03,186332.674
2024-06-25,13.303740253411306,13.747519841269842,13.255503341687554,13.602809106098581,199892.62,280726.281
2024-06-26,13.670340782511836,13.95011487050961,13.409861459203565,13.892230576441104,225185.8,320041.316
2024-06-27,13.82469890002785,13.86328842940685,13.400214076858816,13.438803606237817,186829.0,262371.504
2024-06-28,13.419508841548316,13.564219576719578,13.313387635756058,13.458098370927319,158585.13,220901.296
2024-07-01,13.458098370927319,13.786109370648845,13.168676900584797,13.747519841269842,202878.2,284841.558
2024-07-02,13.737872458925093,13.786109370648845,13.313387635756058,13.380919312169313,180362.65,252020.084
2024-07-03,13.303740253411306,13.477393135616822,13.294092871066557,13.33268240044556,93790.99,129936.265
2024-07-04,13.294092871066557,13.477393135616822,13.274798106377055,13.274798106377055,120475.0,166798.825
2024-07-05,13.323035018100809,13.58351434140908,13.313387635756058,13.573866959064329,169974.29,237117.261
2024-07-08,13.573866959064329,13.59316172375383,13.139734753550544,13.236208576998052,183443.7,253802.641
2024-07-09,13.178324282929548,13.380919312169313,13.062555694792538,13.380919312169313,138210.45,189448.664
2024-07-10,13.313387635756058,13.429156223893067,13.226561194653302,13.274798106377055,84625.92,116667.036
2024-07-11,13.400214076858816,13.737872458925093,13.187971665274299,13.718577694235591,184115.23,257743.814
2024-07-12,13.699282929546088,14.027293929267614,13.631751253132833,13.882583194096354,215746.32,310949.478
2024-07-15,13.921172723475356,13.988704399888611,13.805404135338348,13.84399366471735,124151.35,178885.5
2024-07-16,13.795756752993597,13.97905701754386,13.70893031189084,13.82469890002785,113379.77,162707.159
2024-07-17,13.795756752993597,13.882583194096354,13.651046017822335,13.8343462823726,103513.95,148020.669
2024-07-18,13.815051517683099,14.065883458646619,13.670340782511836,14.027293929267614,154808.99,223276.362
2024-07-19,14.056236076301868,14.239536340852132,13.815051517683099,14.133415135059874,158912.0,232151.112
2024-07-22,14.143062517404625,14.21059419381788,13.757167223614593,13.8536410470621,143409.2,207259.308
2024-07-23,13.805404135338348,13.82469890002785,13.168676900584797,13.168676900584797,195391.86,271073.846
2024-07-24,13.139734753550544,13.207266429963799,12.676660401002508,12.763486842105264,201205.7,268365.567
2024-07-25,12.763486842105264,13.023966165413535,12.70560254803676,12.917844959621277,128833.88,172012.423
2024-07-26,12.985376636034532,13.313387635756058,12.927492341966028,13.149382135895296,116117.75,158393.031
2024-07-29,13.197619047619048,13.265150724032305,13.07220307713729,13.130087371205793,93152.04,127100.859
2024-07-30,13.178324282929548,13.187971665274299,12.888902812587023,12.937139724310779,95142.55,127802.479
2024-07-31,13.023966165413535,13.496687900306323,12.898550194931774,13.477393135616822,150655.98,207552.056
2024-08-01,13.525630047340574,13.651046017822335,13.294092871066557,13.371271929824562,118447.01,164514.666
2024-08-02,13.303740253411306,13.448450988582568,12.97572925368978,13.033613547758286,154985.66,210838.321
2024-08-05,12.927492341966028,13.149382135895296,12.850313283208022,12.859960665552773,132083.0,177350.437
2024-08-06,12.917844959621277,13.09149784182679,12.850313283208022,12.927492341966028,86852.4,116497.398
2024-08-07,12.917844959621277,12.97572925368978,12.792428989139516,12.898550194931774,61534.63,82330.343
2024-08-08,12.898550194931774,13.245855959342803,12.83101851851852,13.168676900584797,111954.47,152305.707
2024-08-09,13.159029518240047,13.236208576998052,12.869608047897522,12.869608047897522,88268.38,118848.869
2024-08-12,12.859960665552773,13.07220307713729,12.802076371484267,13.004671400724034,81322.75,109401.424
2024-08-13,13.014318783068784,13.08185045948204,12.888902812587023,12.96608187134503,81030.4,108869.169
2024-08-14,12.95643448900028,12.985376636034532,12.570539195210248,12.647718253968254,120323.44,158252.963
2024-08-15,12.609128724589253,13.014318783068784,12.580186577554999,12.792428989139516,111209.24,148111.551
2024-08-16,12.792428989139516,12.97572925368978,12.686307783347258,12.927492341966028,90436.0,121012.77
2024-08-19,12.95643448900028,13.313387635756058,12.95643448900028,13.178324282929548,121938.94,167132.451
2024-08-20,13.21691381230855,13.274798106377055,12.917844959621277,12.985376636034532,86873.03,117297.253
2024-08-21,12.995024018379283,13.08185045948204,12.859960665552773,12.917844959621277,64776.74,86827.589
2024-08-22,12.927492341966028,13.08185045948204,12.763486842105264,12.917844959621277,91884.22,123333.848
2024-08-23,12.686307783347258,12.859960665552773,12.310059871901979,12.821371136173768,149408.48,195584.359
2024-08-26,12.83101851851852,12.908197577276527,12.541597048175996,12.753839459760513,123590.3,162779.525
2024-08-27,12.763486842105264,12.937139724310779,12.71524993038151,12.83101851851852,107534.0,143107.261
2024-08-28,12.840665900863272,13.110792606516291,12.821371136173768,13.033613547758286,115244.8,155695.231
2024-08-29,13.09149784182679,13.120439988861042,12.83101851851852,12.859960665552773,105322.55,141050.16
2024-08-30,12.83101851851852,13.245855959342803,12.676660401002508,12.95643448900028,146840.08,197742.286
2024-09-02,12.927492341966028,13.043260930103036,12.734544695071012,12.744192077415764,151498.17,201010.294
2024-09-03,12.686307783347258,12.94678710665553,12.599481342244502,12.840665900863272,94125.91,125122.767
2024-09-04,12.724897312726261,12.96608187134503,12.695955165692009,12.859960665552773,74748.75,99490.634
2024-09-05,12.859960665552773,12.888902812587023,12.329354636591479,12.503007518796995,226431.14,293989.487
2024-09-06,12.503007518796995,12.589833959899751,12.19429128376497,12.252175577833473,136256.17,174484.032
2024-09-09,12.203938666109721,12.242528195488722,11.982048872180453,12.039933166248957,128424.62,160819.69
2024-09-10,11.962754107490952,12.06887531328321,11.731216931216933,11.895222431077695,104394.14,128312.168
2024-09-11,11.808395989974938,11.914517195767196,11.70227478418268,11.82769075466444,86141.39,105316.203
2024-09-12,11.924164578111947,12.146054372041215,11.875927666388195,11.9531067251462,106650.03,132373.371
2024-09-13,11.962754107490952,12.18464390142022,11.9531067251462,12.020638401559456,95611.22,119654.034
2024-09-18,12.155701754385966,12.165349136730716,11.740864313561683,11.82769075466444,88935.86,109122.443
2024-09-19,11.82769075466444,12.319707254246728,11.81804337231969,12.18464390142022,145389.5,182591.483
2024-09-20,12.18464390142022,12.252175577833473,11.924164578111947,12.08817007797271,121526.96,151655.817
2024-09-23,12.08817007797271,12.146054372041215,11.982048872180453,12.010991019214703,70821.94,88380.513
2024-09-24,12.097817460317462,12.667013018657757,12.06887531328321,12.657365636313004,211616.72,272473.706
2024-09-25,12.83101851851852,13.07220307713729,12.724897312726261,12.763486842105264,195286.86,261331.932
2024-09-26,12.763486842105264,13.351977165135061,12.676660401002508,13.323035018100809,192496.08,260908.06
2024-09-27,13.487040517961573,13.95011487050961,13.487040517961573,13.95011487050961,160128.79,227903.4
2024-09-30,14.451778752436649,15.23321672236146,14.278125870231136,15.1078007518797,580558.57,890206.672
2024-10-08,16.61279239766082,16.62243978000557,15.435811751601227,15.927828251183517,706931.38,1180085.953
2024-10-09,15.638406780840993,15.638406780840993,14.548252575884156,14.606136869952662,502912.43,783299.172
2024-10-10,14.625431634642162,15.09815336953495,14.451778752436649,14.577194722918408,294555.18,449273.536
2024-10-11,14.664021164021165,14.71225807574492,14.239536340852132,14.422836605402395,208936.66,314132.264
2024-10-14,14.384247076023394,14.606136869952662,14.287773252575885,14.432483987747148,228089.13,340566.083
2024-10-15,14.422836605402395,14.422836605402395,14.007999164578113,14.036941311612367,159553.15,235042.356
2024-10-16,13.95011487050961,14.085178223336118,13.728225076580342,13.815051517683099,170249.98,244947.907
2024-10-17,13.930820105820107,13.97905701754386,13.448450988582568,13.458098370927319,177253.49,250874.041
2024-10-18,13.467745753272071,14.326362781954888,13.409861459203565,14.114120370370372,303432.4,437316.923
2024-10-21,14.22024157616263,14.258831105541633,13.795756752993597,13.930820105820107,229533.81,331664.123
2024-10-22,13.892230576441104,14.123767752715123,13.86328842940685,14.085178223336118,150641.26,219039.784
2024-10-23,14.172004664438877,14.172004664438877,13.940467488164858,14.065883458646619,189266.35,275188.979
2024-10-24,13.998351782233362,14.09482560568087,13.872935811751603,13.901877958785855,127173.64,183945.553
2024-10-25,13.631751253132833,13.921172723475356,13.467745753272071,13.815051517683099,255642.91,363384.545
2024-10-28,13.805404135338348,13.84399366471735,13.525630047340574,13.795756752993597,212452.18,302078.753
2024-10-29,13.795756752993597,13.872935811751603,13.467745753272071,13.515982664995825,246313.02,347245.427
2024-10-30,13.477393135616822,13.573866959064329,13.284445488721806,13.400214076858816,202918.26,281886.626
2024-10-31,13.34232978279031,13.409861459203565,13.21691381230855,13.255503341687554,210499.4,289371.581
2024-11-01,13.21691381230855,13.477393135616822,13.187971665274299,13.255503341687554,266275.41,368047.51
2024-11-04,13.34232978279031,13.34232978279031,13.168676900584797,13.33268240044556,227519.6,312549.096
2024-11-05,13.294092871066557,13.58351434140908,13.245855959342803,13.58351434140908,316430.83,441759.49
2024-11-06,13.651046017822335,14.548252575884156,13.59316172375383,14.21059419381788,580519.04,855243.827
2024-11-07,14.239536340852132,14.71225807574492,14.046588693957117,14.71225807574492,383066.08,576624.548
2024-11-08,14.934147869674188,15.001679546087443,14.567547340573658,14.750847605123921,410925.68,627989.469
2024-11-11,14.673668546365917,14.760494987468674,14.307068017265387,14.644726399331663,304302.9,457582.825
2024-11-12,14.654373781676414,14.895558340295183,14.509663046505151,14.586842105263159,251112.57,382794.502
2024-11-13,14.548252575884156,14.905205722639934,14.480720899470901,14.635079016986912,172850.3,262244.614
2024-11-14,14.625431634642162,14.905205722639934,14.480720899470901,14.509663046505151,192821.37,293654.096
2024-11-15,14.500015664160403,14.664021164021165,14.278125870231136,14.403541840712894,211192.66,317269.159
2024-11-18,14.451778752436649,14.644726399331663,14.152709899749375,14.229888958507381,219885.32,327591.48
2024-11-19,14.239536340852132,14.490368281815652,14.181652046783626,14.480720899470901,190864.97,284607.898
2024-11-20,14.422836605402395,14.538605193539405,14.393894458368145,14.500015664160403,128705.34,192980.383
2024-11-21,14.432483987747148,14.577194722918408,14.181652046783626,14.21059419381788,162965.25,241591.729
2024-11-22,14.258831105541633,14.278125870231136,13.747519841269842,13.747519841269842,177072.72,256296.468
2024-11-25,13.747519841269842,13.921172723475356,13.564219576719578,13.641398635477584,162131.35,230501.968
2024-11-26,13.631751253132833,13.737872458925093,13.506335282651074,13.622103870788083,103030.01,145550.129
2024-11-27,13.651046017822335,13.795756752993597,13.525630047340574,13.728225076580342,144478.25,204757.597
2024-11-28,13.786109370648845,13.82469890002785,13.612456488443332,13.70893031189084,143081.94,203291.508
2024-11-29,13.805404135338348,13.988704399888611,13.70893031189084,13.8536410470621,198017.67,284687.011
2024-12-02,13.84399366471735,14.114120370370372,13.776461988304094,14.114120370370372,189399.35,274203.738
2024-12-03,14.10447298802562,14.229888958507381,13.988704399888611,14.114120370370372,129680.84,189749.837
2024-12-04,14.046588693957117,14.143062517404625,13.96940963519911,14.036941311612367,108570.2,158106.626
2024-12-05,13.96940963519911,14.007999164578113,13.795756752993597,13.86328842940685,128946.29,185590.037
2024-12-06,13.901877958785855,14.152709899749375,13.757167223614593,14.007999164578113,170913.24,246708.505
2024-12-09,14.007999164578113,14.519310428849904,13.95011487050961,14.326362781954888,249881.84,370513.767
2024-12-10,14.664021164021165,14.71225807574492,14.316715399610137,14.355304928989142,192936.4,289538.802
2024-12-11,14.326362781954888,14.557899958228907,14.307068017265387,14.509663046505151,150527.44,225126.839
2024-12-12,14.519310428849904,15.09815336953495,14.422836605402395,15.001679546087443,489424.44,753864.894
2024-12-13,15.049916457811197,15.049916457811197,14.683315928710668,14.770142369813424,305828.68,470149.231
2024-12-16,14.84732142857143,14.98238478139794,14.538605193539405,14.615784252297411,230391.41,351067.822
2024-12-17,14.644726399331663,14.818379281537178,14.567547340573658,14.683315928710668,156066.6,237714.164
2024-12-18,14.74120022277917,14.953442634363688,14.606136869952662,14.799084516847676,194455.14,298088.72
2024-12-19,14.85696881091618,14.914853104984687,14.596489487607911,14.71225807574492,154492.26,236698.693
2024-12-20,14.664021164021165,14.808731899192427,14.577194722918408,14.654373781676414,177911.27,270826.571
2024-12-23,14.664021164021165,14.97273739905319,14.664021164021165,14.770142369813424,185025.13,284162.599
2024-12-24,14.70261069340017,15.001679546087443,14.70261069340017,14.934147869674188,169829.86,262479.485
2024-12-25,14.924500487329437,14.99203216374269,14.779789752158175,14.85696881091618,111449.17,171732.094
2024-12-26,14.85696881091618,14.934147869674188,14.664021164021165,14.72190545808967,109579.8,167266.178
2024-12-27,14.72190545808967,14.85696881091618,14.644726399331663,14.74120022277917,115605.32,176892.649
2024-12-30,14.70261069340017,14.866616193260931,14.644726399331663,14.808731899192427,190526.51,291957.598
2024-12-31,14.876263575605682,15.069211222500696,14.74120022277917,14.808731899192427,204929.08,317083.957
2025-01-02,14.760494987468674,14.828026663881928,14.364952311333893,14.413189223057644,212474.78,320068.289
2025-01-03,14.451778752436649,14.644726399331663,14.326362781954888,14.374599693678643,157745.61,236622.202
2025-01-06,14.442131370091898,14.557899958228907,14.287773252575885,14.490368281815652,136887.54,204703.401
2025-01-07,14.586842105263159,14.606136869952662,14.326362781954888,14.567547340573658,118304.31,177026.753
2025-01-08,14.480720899470901,14.615784252297411,14.297420634920636,14.548252575884156,135066.8,202404.075
2025-01-09,14.47107351712615,14.567547340573658,14.364952311333893,14.47107351712615,94452.54,141822.171
2025-01-10,14.596489487607911,15.078858604845449,14.326362781954888,14.326362781954888,194665.0,294632.217
2025-01-13,14.258831105541633,14.750847605123921,14.258831105541633,14.316715399610137,183558.8,275711.083
2025-01-14,14.239536340852132,14.606136869952662,14.152709899749375,14.509663046505151,163685.2,244581.753
2025-01-15,14.432483987747148,14.567547340573658,14.268478487886384,14.326362781954888,133309.32,198634.744
2025-01-16,14.326362781954888,14.47107351712615,14.239536340852132,14.297420634920636,96615.74,143558.08
2025-01-17,14.162357282094126,14.500015664160403,14.162357282094126,14.413189223057644,102183.49,152386.764
2025-01-20,14.422836605402395,14.538605193539405,14.278125870231136,14.287773252575885,113162.92,168318.195
2025-01-21,14.34565754664439,14.364952311333893,14.046588693957117,14.10447298802562,131279.32,192103.451
2025-01-22,14.085178223336118,14.249183723196882,13.911525341130606,14.172004664438877,126092.49,184261.962
2025-01-23,14.258831105541633,14.336010164299639,14.09482560568087,14.10447298802562,104818.12,153987.962
2025-01-24,14.09482560568087,14.287773252575885,13.940467488164858,14.239536340852132,190838.48,279031.904
2025-01-27,14.249183723196882,14.683315928710668,14.22024157616263,14.451778752436649,166338.39,250340.97
2025-02-05,14.519310428849904,14.519310428849904,14.307068017265387,14.4614261347814,99086.09,147893.186
2025-02-06,14.355304928989142,14.635079016986912,14.316715399610137,14.374599693678643,131660.18,196334.821
2025-02-07,14.326362781954888,14.519310428849904,14.316715399610137,14.4614261347814,131966.72,197560.254
2025-02-10,14.403541840712894,14.953442634363688,14.336010164299639,14.876263575605682,231385.77,351877.768
2025-02-11,14.84732142857143,15.09815336953495,14.808731899192427,14.934147869674188,130642.36,202341.535
2025-02-12,14.895558340295183,15.136742898913953,14.84732142857143,14.914853104984687,118988.55,184214.523
2025-02-13,14.934147869674188,15.368280075187972,14.934147869674188,15.020974310776944,162224.35,254311.74
2025-02-14,14.953442634363688,15.1078007518797,14.828026663881928,15.030621693121695,122606.19,190522.674
2025-02-17,15.030621693121695,15.156037663603456,14.85696881091618,15.011326928432194,116881.12,181331.639
2025-02-18,15.011326928432194,15.242864104706213,14.924500487329437,15.117448134224452,147683.36,231758.577
2025-02-19,15.1078007518797,15.204274575327208,14.924500487329437,15.030621693121695,95590.22,148648.937
2025-02-20,15.030621693121695,15.059563840155946,14.85696881091618,14.914853104984687,93080.81,143992.128
2025-02-21,14.924500487329437,14.97273739905319,14.644726399331663,14.73155284043442,130628.61,199648.338
2025-02-24,14.673668546365917,14.85696881091618,14.664021164021165,14.750847605123921,93956.46,143823.987
2025-02-25,14.72190545808967,14.72190545808967,14.4614261347814,14.490368281815652,107784.76,162574.484
2025-02-26,14.567547340573658,14.664021164021165,14.490368281815652,14.548252575884156,86058.09,129957.133
2025-02-27,14.557899958228907,15.1078007518797,14.490368281815652,15.09815336953495,226305.63,349222.19
2025-02-28,15.165685045948205,15.242864104706213,15.020974310776944,15.1078007518797,174542.9,273777.554
2025-03-03,15.1078007518797,15.33933792815372,15.09815336953495,15.213921957671959,132873.97,209526.601
2025-03-04,15.175332428292956,15.570875104427738,15.1078007518797,15.532285575048736,203164.3,324219.4
2025-03-05,15.59016986911724,15.676996310219996,15.310395781119466,15.320043163464218,106221.21,170033.199
2025-03-06,15.368280075187972,15.435811751601227,15.146390281258704,15.329690545808969,112651.87,178706.241
2025-03-07,15.252511487050963,15.368280075187972,15.165685045948205,15.184979810637707,88047.3,139243.389
2025-03-10,15.146390281258704,15.368280075187972,15.069211222500696,15.329690545808969,126669.59,199939.418
2025-03-11,15.23321672236146,15.754175368978,15.184979810637707,15.744527986633251,193230.52,311709.175
2025-03-12,15.744527986633251,15.754175368978,15.281453634085214,15.310395781119466,159820.94,255711.722
2025-03-13,15.320043163464218,15.426164369256476,15.252511487050963,15.358632692843221,84718.07,134575.356
2025-03-14,15.358632692843221,15.416516986911725,15.146390281258704,15.194627192982457,134150.23,211954.649
2025-03-17,15.184979810637707,15.262158869395714,15.069211222500696,15.204274575327208,102423.2,161226.277
2025-03-18,15.204274575327208,15.416516986911725,15.165685045948205,15.262158869395714,114060.62,180790.514
2025-03-19,15.23321672236146,15.320043163464218,15.117448134224452,15.165685045948205,82478.6,129874.022
2025-03-20,15.175332428292956,15.23321672236146,15.001679546087443,15.078858604845449,103729.29,162418.861
2025-03-21,15.078858604845449,15.252511487050963,14.953442634363688,15.001679546087443,107305.2,167455.823
2025-03-24,15.001679546087443,15.127095516569202,14.924500487329437,15.011326928432194,86266.99,134333.882
2025-03-25,15.069211222500696,15.175332428292956,14.943795252018937,15.165685045948205,84704.34,132307.102
2025-03-26,15.165685045948205,15.22356934001671,14.963090016708438,15.001679546087443,74851.13,116950.916
2025-03-27,14.99203216374269,15.175332428292956,14.963090016708438,15.0885059871902,58502.7,91520.581
2025-03-28,15.059563840155946,15.09815336953495,14.808731899192427,14.943795252018937,82819.0,128210.198
2025-03-31,14.83767404622668,14.934147869674188,14.74120022277917,14.828026663881928,80381.34,123567.967
2025-04-01,14.866616193260931,14.914853104984687,14.692963311055419,14.876263575605682,74459.2,114470.198
2025-04-02,14.85696881091618,15.001679546087443,14.818379281537178,14.953442634363688,67645.6,104477.344
2025-04-03,14.905205722639934,15.1078007518797,14.866616193260931,14.914853104984687,83695.14,130020.439
2025-04-07,14.480720899470901,14.683315928710668,13.805404135338348,14.278125870231136,347311.77,511185.886
2025-04-08,14.239536340852132,14.4614261347814,14.09482560568087,14.451778752436649,286866.67,424201.335
2025-04-09,14.316715399610137,14.615784252297411,14.152709899749375,14.596489487607911,250830.97,374301.27
2025-04-10,14.72190545808967,14.789437134502926,14.413189223057644,14.683315928710668,128736.38,195457.044
2025-04-11,14.606136869952662,14.664021164021165,14.490368281815652,14.606136869952662,88499.2,133733.125
2025-04-14,14.615784252297411,14.673668546365917,14.442131370091898,14.500015664160403,170059.72,255876.518
2025-04-15,14.47107351712615,14.606136869952662,14.34565754664439,14.567547340573658,137110.85,206044.463
2025-04-16,14.480720899470901,14.953442634363688,14.393894458368145,14.953442634363688,165971.22,251566.904
2025-04-17,14.85696881091618,14.866616193260931,14.519310428849904,14.683315928710668,149733.51,227215.911
2025-04-18,14.625431634642162,14.808731899192427,14.538605193539405,14.683315928710668,73334.8,111575.573
2025-04-21,14.760494987468674,15.1078007518797,14.692963311055419,15.0885059871902,127517.81,197347.188
2025-04-22,15.040269075466446,15.194627192982457,14.963090016708438,15.030621693121695,94290.52,147329.604
2025-04-23,15.030621693121695,15.059563840155946,14.828026663881928,15.020974310776944,61207.1,94878.432
2025-04-24,14.99203216374269,15.049916457811197,14.866616193260931,14.98238478139794,59470.23,92239.997
2025-04-25,15.011326928432194,15.09815336953495,14.885910957950433,14.934147869674188,48743.4,75673.63
2025-04-28,14.905205722639934,14.934147869674188,14.789437134502926,14.866616193260931,56485.94,87096.562
2025-04-29,14.914853104984687,14.914853104984687,14.789437134502926,14.808731899192427,47154.32,72486.829
2025-04-30,14.789437134502926,14.876263575605682,14.73155284043442,14.750847605123921,52511.0,80491.896
2025-05-06,14.74120022277917,15.09815336953495,14.509663046505151,15.078858604845449,139993.22,216318.486
2025-05-07,15.165685045948205,15.291101016429964,15.049916457811197,15.281453634085214,113358.04,178493.839
2025-05-08,15.242864104706213,15.310395781119466,15.146390281258704,15.281453634085214,72121.31,113840.777
2025-05-09,15.310395781119466,15.387574839877471,15.059563840155946,15.09815336953495,73978.38,116473.662
2025-05-12,15.136742898913953,15.23321672236146,15.011326928432194,15.069211222500696,61815.57,96687.497
2025-05-13,15.146390281258704,15.165685045948205,15.049916457811197,15.117448134224452,59684.8,93457.805
2025-05-14,15.156037663603456,15.271806251740463,15.011326928432194,15.049916457811197,103245.84,162001.135
2025-05-15,14.99203216374269,15.291101016429964,14.953442634363688,15.252511487050963,136410.55,214673.249
2025-05-16,15.194627192982457,15.406869604566975,15.194627192982457,15.406869604566975,114381.89,181868.676
2025-05-19,15.387574839877471,15.455106516290728,15.146390281258704,15.22356934001671,83579.89,132583.713
2025-05-20,15.22356934001671,15.358632692843221,15.069211222500696,15.242864104706213,67457.13,106455.947
2025-05-21,15.242864104706213,15.387574839877471,15.242864104706213,15.300748398774715,57391.84,91234.361
2025-05-22,15.291101016429964,15.377927457532722,15.1078007518797,15.117448134224452,57635.83,90613.774
2025-05-23,15.127095516569202,15.252511487050963,15.001679546087443,15.001679546087443,57831.92,90621.654
2025-05-26,15.001679546087443,15.078858604845449,14.818379281537178,14.85696881091618,61799.76,95608.195
2025-05-27,14.84732142857143,14.934147869674188,14.770142369813424,14.895558340295183,54009.16,83121.773
2025-05-28,14.914853104984687,14.914853104984687,14.673668546365917,14.683315928710668,56832.01,86853.005
2025-05-29,14.683315928710668,14.789437134502926,14.528957811194655,14.692963311055419,92131.43,140076.256
2025-05-30,14.692963311055419,14.770142369813424,14.596489487607911,14.615784252297411,62777.54,95439.696
2025-06-03,14.586842105263159,14.606136869952662,14.422836605402395,14.500015664160403,92337.87,138690.113
2025-06-04,14.490368281815652,14.538605193539405,14.422836605402395,14.47107351712615,57609.7,86455.272
2025-06-05,14.490368281815652,14.567547340573658,14.403541840712894,14.432483987747148,69834.42,104510.624
2025-06-06,14.480720899470901,14.577194722918408,14.422836605402395,14.451778752436649,79756.0,119837.962
2025-06-09,14.451778752436649,14.586842105263159,14.384247076023394,14.557899958228907,95406.87,143196.149
2025-06-10,14.567547340573658,14.770142369813424,14.326362781954888,14.403541840712894,106749.13,160296.426
2025-06-11,14.403541840712894,14.490368281815652,14.34565754664439,14.364952311333893,109046.29,162723.823
2025-06-12,14.432483987747148,14.442131370091898,14.229888958507381,14.422836605402395,124109.53,184466.196
2025-06-13,14.500015664160403,14.683315928710668,14.4614261347814,14.654373781676414,174283.98,264197.503
2025-06-16,14.664021164021165,14.71225807574492,14.47107351712615,14.47107351712615,109207.14,164830.175
2025-06-17,14.490368281815652,14.528957811194655,14.258831105541633,14.34565754664439,102726.53,152646.057
2025-06-18,14.374599693678643,14.442131370091898,14.21059419381788,14.21059419381788,95320.97,141121.752
2025-06-19,14.210533625730994,14.310047166527431,13.991603835978838,14.111020084934559,130816.73,185633.051
2025-06-20,14.111020084934559,14.180679563492065,13.882138941102758,14.031409252297411,184651.97,259655.3
2025-06-23,13.981652481899195,14.260290396129212,13.852284878863827,14.130922793093847,181258.17,257263.952
2025-06-24,14.120971439014202,14.230436333890284,13.86223623294347,14.180679563492065,197350.66,278208.65
2025-06-25,14.180679563492065,14.180679563492065,14.031409252297411,14.150825501253134,130094.86,184580.473
2025-06-26,14.130922793093847,14.310047166527431,14.091117376775273,14.111020084934559,149949.4,214095.746
2025-06-27,14.180679563492065,14.25033904204957,14.061263314536342,14.200582271651351,129751.92,184825.947
2025-06-30,14.200582271651351,14.240387687969926,14.08116602269563,14.190630917571708,123172.74,175171.796
2025-07-01,14.220484979810637,14.220484979810637,14.021457898217767,14.120971439014202,87655.72,124209.185
2025-07-02,14.160776855332777,14.190630917571708,14.051311960456697,14.150825501253134,74195.38,105445.125
2025-07-03,14.150825501253134,14.319998520607074,14.130922793093847,14.310047166527431,91523.38,131259.88
2025-07-04,14.300095812447786,14.319998520607074,14.130922793093847,14.150825501253134,74590.0,106647.72
2025-07-07,14.160776855332777,14.230436333890284,14.071214668615985,14.101068730854916,74129.6,105429.501
2025-07-08,14.120971439014202,14.25033904204957,14.071214668615985,14.180679563492065,72073.22,102640.868
2025-07-09,14.180679563492065,14.220484979810637,14.00155519005848,14.011506544138124,124352.0,176060.066
2025-07-10,13.991603835978838,14.071214668615985,13.981652481899195,13.991603835978838,119531.89,168438.042
2025-07-11,14.011506544138124,14.190630917571708,13.921944357421332,13.921944357421332,219429.89,310160.412
2025-07-14,13.961749773739905,14.071214668615985,13.931895711500976,13.931895711500976,141281.38,198666.565
2025-07-15,13.931895711500976,14.041360606377054,13.732868629908106,13.802528108465609,234461.15,326537.03
2025-07-16,13.802528108465609,13.902041649262046,13.772674046226678,13.802528108465609,126671.0,176010.14
2025-07-17,13.822430816624896,13.822430816624896,13.69306321358953,13.812479462545253,135407.7,187132.993
2025-07-18,13.812479462545253,13.981652481899195,13.782625400306323,13.94184706558062,320085.82,446907.563
2025-07-21,14.220484979810637,15.116106846978559,14.150825501253134,14.807614870509608,703630.1,1042526.382
2025-07-22,14.75785810011139,15.723139445836816,14.737955391952104,15.703236737677528,627196.25,965012.104
2025-07-23,15.693285383597884,15.922166527429686,15.534063718323587,15.792798924394319,523204.12,829096.244
2025-07-24,15.76294486215539,15.782847570314676,15.45445288568644,15.56391778056252,335696.49,526193.071
2025-07-25,15.573869134642162,16.061485484544697,15.573869134642162,15.603723196881093,277156.28,439484.98
2025-07-28,15.68333402951824,15.733090799916459,15.325085282651074,15.633577259120024,221842.33,347531.433
2025-07-29,15.62362590504038,15.68333402951824,15.335036636730717,15.45445288568644,196290.14,304320.662
2025-07-30,15.474355593845727,16.21075579573935,15.434550177527152,16.021680068226125,358204.3,576595.34
2025-07-31,16.001777360066832,16.001777360066832,15.275328512252855,15.37484205304929,227054.58,354452.498
2025-08-01,15.354939344890003,15.514161010164301,15.255425804093568,15.335036636730717,157217.03,242763.645
2025-08-04,15.285279866332498,15.514161010164301,15.076301430659985,15.185766325536063,135414.64,206639.967
2025-08-05,15.285279866332498,15.305182574491786,15.096204138819271,15.165863617376777,109338.0,166638.966
2025-08-06,15.136009555137846,15.225571741854639,15.046447368421052,15.17581497145642,109890.8,167104.924
2025-08-07,15.215620387774994,15.325085282651074,15.006641952102479,15.03649601434141,139966.89,212100.804
2025-08-08,15.086252784739628,15.354939344890003,15.03649601434141,15.185766325536063,124482.0,190156.824
2025-08-11,15.185766325536063,15.325085282651074,15.076301430659985,15.195717679615706,184614.27,281688.059
2025-08-12,15.195717679615706,15.474355593845727,15.106155492898914,15.155912263297132,255271.72,391987.466
2025-08-13,15.165863617376777,15.225571741854639,14.986739243943193,15.006641952102479,214945.51,325749.062
2025-08-14,15.016593306182124,15.126058201058202,14.827517578668896,14.887225703146758,194703.94,292917.918
2025-08-15,14.827517578668896,15.34498799081036,14.827517578668896,15.096204138819271,271275.54,414293.681
2025-08-18,15.136009555137846,15.275328512252855,15.046447368421052,15.046447368421052,218513.29,332139.58
2025-08-19,15.056398722500697,15.205669033695349,14.927031119465331,14.936982473544974,187740.05,283316.864
2025-08-20,14.877274349067113,16.42968558549151,14.877274349067113,16.419734231411866,899139.8,1433645.901
2025-08-21,16.559053188526875,17.02676683027012,16.260512566137567,16.728226207880812,813674.93,1357347.591
2025-08-22,16.718274853801173,17.116329016986914,16.68842079156224,17.01681547619048,548310.03,932177.846
2025-08-25,17.01681547619048,17.41486963937622,16.758080270119745,17.066572246588695,458159.85,786274.838
2025-08-26,17.056620892509052,17.86268057296018,16.9770100598719,17.44472370161515,458378.86,806378.038
2025-08-27,17.325307452659427,17.603945366889448,16.927253289473686,17.176037141464775,330615.13,576246.115
2025-08-28,17.086474954747985,17.574091304650516,17.086474954747985,17.55418859649123,289657.22,506239.663
2025-08-29,17.524334534252297,17.723361615845167,17.335258806739073,17.524334534252297,276578.63,487977.66
2025-09-01,17.524334534252297,17.9124373433584,17.285502036340855,17.66365349136731,320073.94,566930.401
2025-09-02,17.603945366889448,17.723361615845167,17.345210160818713,17.494480472013365,257792.29,453158.21
2025-09-03,17.494480472013365,17.653702137287663,17.066572246588695,17.46462640977444,234890.57,408072.035
2025-09-04,17.365112868978002,17.454675055694793,16.718274853801173,17.056620892509052,324370.44,553039.199
2025-09-05,16.917301935394043,17.285502036340855,16.917301935394043,17.116329016986914,203219.7,349715.779
2025-09-08,17.116329016986914,17.683556199526596,17.116329016986914,17.61389672096909,355866.73,626156.014
2025-09-09,17.603945366889448,17.70345890768588,17.166085787385132,17.365112868978002,210090.35,368016.256
2025-09-10,17.325307452659427,17.375064223057645,17.066572246588695,17.146183079225843,153340.37,265250.088
2025-09-11,17.146183079225843,17.35516151489836,16.986961413951548,17.205891203703704,198399.17,341683.36
2025-09-12,17.205891203703704,17.27555068226121,16.7481289160401,16.877496519075468,255522.85,435089.184
2025-09-15,16.88744787315511,16.986961413951548,16.678469437482597,16.807837040517963,166050.86,279876.832
2025-09-16,16.9770100598719,17.46462640977444,16.469491001810084,16.797885686438317,265686.69,449898.762
2025-09-17,16.718274853801173,16.917301935394043,16.569004542606518,16.807837040517963,127134.07,213952.401
2025-09-18,16.807837040517963,16.867545164995825,16.42968558549151,16.549101834447228,175464.92,292537.122
2025-09-19,16.588907250765807,16.9770100598719,16.57895589668616,16.897399227234754,247755.76,418625.566
2025-09-22,16.867545164995825,16.867545164995825,16.49934506404901,16.53915048036759,226154.21,377753.399
2025-09-23,16.559053188526875,16.62871266708438,16.220707149818995,16.37992881509329,206348.29,339252.341
2025-09-24,16.55,16.56,16.17,16.29,201728.9,328442.853
2025-09-25,16.3,16.42,16.11,16.4,183298.34,298323.441
2025-09-26,16.3,17.34,16.14,16.97,470589.08,797436.705
2025-09-29,17.05,17.08,16.71,17.0,273595.23,463096.717
2025-09-30,16.91,17.18,16.6,17.14,255015.88,431582.219
2025-10-09,17.06,17.47,16.4,17.44,318606.28,542533.705
2025-10-10,17.2,17.88,17.17,17.63,292782.49,516131.91
2025-10-13,17.22,17.43,16.88,17.18,255409.58,437834.656
2025-10-14,17.26,17.34,16.81,16.85,206420.75,351723.024
2025-10-15,16.91,17.04,16.67,16.88,169990.82,285930.713
2025-10-16,16.85,16.92,16.64,16.72,150285.84,251706.535
2025-10-17,16.68,16.85,16.38,16.41,131010.77,217406.764
2025-10-20,16.5,16.53,16.2,16.27,143812.73,234699.391
2025-10-21,16.27,16.45,16.25,16.38,94993.64,155488.798
2025-10-22,16.31,16.77,16.27,16.63,147531.03,244006.31
2025-10-23,16.58,17.75,16.57,17.6,399739.42,692537.344
2025-10-24,17.45,17.65,16.73,16.87,339706.3,578832.476
2025-10-27,16.81,17.14,16.7,17.07,183407.5,310184.463
2025-10-28,17.25,17.8,17.25,17.31,282413.25,493834.642
2025-10-29,17.24,18.11,17.04,17.81,309496.24,547749.421
2025-10-30,17.8,18.11,17.61,17.82,231548.05,414244.169
2025-10-31,17.85,18.28,17.71,17.95,262606.25,471338.051
2025-11-03,17.94,18.21,17.72,17.95,189593.13,340630.926
2025-11-04,17.93,18.07,17.46,17.58,177317.26,313689.117
2025-11-05,17.43,17.67,17.34,17.47,120544.89,211445.802
2025-11-06,17.47,18.58,17.43,18.52,395460.08,719182.028
2025-11-07,18.46,19.75,18.32,19.39,590945.39,1139622.394
2025-11-10,19.39,20.63,19.23,20.2,583841.73,1170467.69
2025-11-11,20.09,20.26,19.85,20.09,252781.35,505926.641
2025-11-12,20.13,20.21,19.7,19.92,201631.8,402595.511
2025-11-13,19.9,20.14,19.65,19.89,230599.59,459166.236
2025-11-14,19.8,20.28,19.58,19.65,256368.73,509378.78
2025-11-17,19.66,20.98,19.36,20.39,482609.0,974735.472
2025-11-18,20.4,20.59,19.42,19.6,308406.07,608530.054
2025-11-19,19.58,19.85,19.24,19.77,244039.42,475875.476
2025-11-20,19.77,19.77,19.01,19.07,228562.85,440838.594
2025-11-21,18.85,19.02,18.54,18.61,314558.48,589020.967
2025-11-24,18.61,18.77,18.34,18.45,175374.12,324843.356
2025-11-25,18.55,18.7,18.33,18.44,155232.56,286726.348
2025-11-26,18.4,18.64,18.3,18.36,104514.16,192633.642
2025-11-27,18.4,18.88,18.3,18.81,193705.31,361015.319
2025-11-28,18.8,19.09,18.64,18.91,182174.67,343229.035
2025-12-01,19.08,19.49,18.91,19.2,245278.08,471802.431
2025-12-02,19.2,19.65,19.13,19.2,195282.42,378188.365
2025-12-03,19.14,19.68,19.03,19.59,189152.38,368348.699
2025-12-04,19.4,19.53,18.86,19.08,162286.05,309246.097
2025-12-05,19.03,19.5,18.9,19.36,131815.69,253632.441
2025-12-08,19.37,19.46,18.71,18.99,198555.96,375213.818
2025-12-09,18.88,19.29,18.69,18.9,132951.28,251452.746
2025-12-10,18.85,18.99,18.6,18.94,97035.23,182330.028
2025-12-11,18.96,19.13,18.61,18.63,128306.62,240678.935
2025-12-12,18.63,18.74,18.24,18.35,173672.27,319396.759
2025-12-15,18.26,18.98,18.2,18.88,207319.83,389430.605
2025-12-16,18.81,18.94,18.29,18.46,222953.79,412637.268
2025-12-17,18.42,18.88,18.37,18.78,233715.39,434840.39
2025-12-18,18.9,19.63,18.85,19.0,315391.24,607702.645
2025-12-19,19.32,19.6,19.1,19.16,240836.02,464334.938
2025-12-22,19.49,20.13,19.48,20.03,438514.49,870662.045
2025-12-23,20.04,20.14,19.65,19.96,222940.72,443882.152
2025-12-24,19.96,20.44,19.58,20.34,286404.66,575383.168
2025-12-25,20.34,20.93,20.21,20.74,298654.6,615257.592
2025-12-26,20.92,21.52,20.68,21.27,353252.02,745080.103
2025-12-29,21.1,21.6,20.88,21.0,298010.11,630744.977
2025-12-30,20.92,22.8,20.9,22.43,562500.13,1241310.632
2025-12-31,22.42,22.58,22.01,22.53,331673.64,742137.007
2026-01-05,22.2,22.23,21.56,22.01,396439.14,869814.008
2026-01-06,21.98,24.21,21.98,23.84,834523.05,1954312.424
2026-01-07,23.5,24.13,23.5,23.65,380679.13,905196.785
2026-01-08,23.33,24.4,23.02,23.79,330559.84,779672.443
2026-01-09,24.0,24.25,22.88,23.22,347526.93,812608.444
2026-01-12,23.44,23.45,22.6,22.67,344849.74,789424.08
2026-01-13,22.68,23.98,22.51,23.83,407138.07,953059.904
2026-01-14,23.3,24.78,23.3,23.93,415341.01,998038.365
2026-01-15,23.65,24.42,23.59,23.75,277096.81,662787.635
2026-01-16,23.71,23.98,23.23,23.46,271886.27,640971.987
2026-01-19,23.39,25.16,23.26,25.08,494474.94,1215955.524
2026-01-20,25.2,26.79,25.08,26.74,642302.93,1670181.545
2026-01-21,26.48,26.9,25.75,26.3,450408.5,1188898.659
2026-01-22,26.53,26.98,26.16,26.45,398196.63,1055126.31
2026-01-23,26.98,27.12,25.86,26.15,427902.92,1127272.042
2026-01-26,26.13,27.26,26.08,26.1,476385.63,1264497.234
2026-01-27,26.0,26.91,25.64,25.75,363394.89,948488.4
2026-01-28,25.9,27.12,25.6,25.77,730216.53,1918646.217
2026-01-29,25.77,26.39,25.66,26.0,417299.73,1083302.321
2026-01-30,25.99,26.8,25.3,26.1,400069.82,1039946.562
2026-02-02,25.58,25.66,23.7,24.0,683999.27,1674738.937
2026-02-03,24.48,25.0,23.85,24.73,650355.93,1587093.779
2026-02-04,25.18,25.62,24.68,24.85,527122.13,1323228.012
2026-02-05,24.85,25.17,23.75,24.05,423073.58,1023607.626
2026-02-06,23.61,24.96,23.26,24.72,551716.53,1350214.87
2026-02-09,25.01,25.2,24.3,24.91,389390.15,965484.692
2026-02-10,24.96,25.0,24.25,24.65,315767.03,774617.377
2026-02-11,24.65,26.39,24.38,25.69,822796.93,2128246.793
2026-02-12,25.63,26.1,25.2,25.32,281787.8,720050.643
2026-02-13,25.0,25.23,24.4,24.57,273905.58,676529.139
